,NFT,OWNER
0,EQA575SNAYpSmkfZiCsWUICSrm6FrcVURsL6qqWy1z_3l-ky,0:af55e8ef5254486f2db1e39423c5ed9ffe88538bb442bb48538e170070e626de
1,EQBdLTfHcqj3E8fFTymc-QpBkQvRcT4AKqr5hx3xtQKq3JV_,0:af55e8ef5254486f2db1e39423c5ed9ffe88538bb442bb48538e170070e626de
2,EQAyUpHecjmChuydaaeHWtC09HGtQEsWAlZgTyjDIi8eKHBI,0:4f873bb33beb249e1350ce4a2545c8337a706d83543dfb9f89cd91f54fcec5a9
3,EQCibaB-HZGBHfloiIry6pEWRT2iPS25O2ooyBU10aUfzUwu,0:df4740cc51ce966ba0fd3ec59683dbaf708bdd77a63a593d0b008d7dc6357cfc
4,EQA0K_XISnKyU5zJoigFOr0niEalSiGDC9nFaUdmorQ7aZg2,0:101f3ebb2a4db262a22f323ca316915398129e5c66da852ba325064b925e7861
5,EQBkPQZHu_CX8ohEWdXs21LZAUP-T66RPnz2BQkQHs1nvGzU,0:07a50707bd986afb226b7dda3690f67706fc106ad55c16dc4993e867efa24d5c
6,EQDEIqmoG9LmV9uy7nBOZDtjdRmwZHWYTG8uSMA3PeI_ZUD7,0:efc78159f866bc1756d0ada37ad9cd20ae6d8105e1f8cf3fbf65cae01dfe8302
7,EQAJBSPIpyUtV3GxnZ1LJ55_0DR-3jnkE-_1iqSCh8hf9To8,0:68f62690151c2e844e66eb196f16339877949884d7a6b2d9900123d12aca72cb
8,EQC0X4hBYfvkQQu-I43quq6-M6om8H-orL4yWDHuqCLO1Npq,0:b1f715f0119daa142513c72baf2de5de115eaf653e4355a05781f9706b892d7b
9,EQBeq4rAZr-z1iS8ymcYqbOoCTJl1nwkDGWbGIUWbr8iIrhg,0:f36290fdb60ae51fca40a185e72bdb7ff8854e20ee2bad7c9942bb20750c7dd3
10,EQCxZCuFSVnGXK_tqp7Cu5zWitd-zu7n7RPxW95whUFZOa-A,0:af55e8ef5254486f2db1e39423c5ed9ffe88538bb442bb48538e170070e626de
11,EQBehg2gp1K7kzZefAuUNrBpR6-g5CJcjohu9YK8q8mC1jBW,0:4da46c2da241e0ec6f6ba3f90f5527904d8d8324e7d8acb1312deb57d9be4834
12,EQClBxKlcrv671BM4fPbATLSf38kPZCedw0iyOCQuYFJhVFf,0:3c1e1ae406bf9a4e6250d88ea8f5ff7b9fd165d1a9bece360044e6548f385462
13,EQDEzDuujb2ua-218UTe7x4bfL9iBjNL9yPmv3lCreVPklxQ,0:c160ab7c5433d49e98339a14ae734b468785bba9c53070b4d922ea6093f9949e
14,EQATtulYZj3dxhyQf5f1_kEyXcEDpBVLJZYdyQ_IU8mzueYQ,0:0000000000000000000000000000000000000000000000000000000000000000
15,EQAZnCRKd8cNMsqBu7aTFFbv8rdcFc0EoZJaD7n1RsxeXxIi,0:0000000000000000000000000000000000000000000000000000000000000000
16,EQBcn_tV85u6oMdBbyP2npskpI0AyaDqRKBWqv5W61kMjWwY,0:4da46c2da241e0ec6f6ba3f90f5527904d8d8324e7d8acb1312deb57d9be4834
17,EQD2k9IFWdsav_7hEecr3KTBkcnhnfN4BQpWkcpi-bbCEBhe,0:4da46c2da241e0ec6f6ba3f90f5527904d8d8324e7d8acb1312deb57d9be4834
18,EQDbIe3aj5KP88G9zy069V3w3LfoCxHGAxEpu8i9bYIuhrN2,0:cc621c38d599d4d4799eb755d3c0dca1657fd4e8da42d61408abaaf75bc81120
19,EQDzbytjK0tRRbRShRwUgj1YVYYTE4o4NNabiD7KMAn91Tkb,0:ad86cda25bb7c13437ae8f06ad724d4739864828dd22b8737f03a718bf902c52
20,EQCxtOCJ_Ppj3qgDdyEH1gOWfHdyV7v2R61evBtLHBJ1Uyb4,0:11541b75408a7e98ca8b7e3658f0a711d188319b093a58bbadb3971db1fc3ecf
21,EQDBh43uk1AArxYLH5cFZzAwt1Kg8LE2sl-3Fa4_5W-M_tnO,0:afe1b432650e51878c5af0c9af5f74d94c3aa859047f79cd79056738de467378
22,EQB8-v6vPBb9Kx2-7fFhw3h_mlN0SgwLVxhtTfZ9sgVDWylI,0:5ee93ccda79e1349e55e45343212e6198668219f7081aced37610988b7ad99da
23,EQBklXVWgNyxKr6ZI2Lvo7kvMceXwRa1qnz8U_6uHnQ6aYgs,0:0000000000000000000000000000000000000000000000000000000000000000
24,EQCxwQN_-V9n74PIZXWZmMu1yHL8IVHmynqsWIbkhFay8lyP,0:5ee93ccda79e1349e55e45343212e6198668219f7081aced37610988b7ad99da
25,EQCHcD7fd3xLr-f6U1kAdIJQAYLMlhBrE0Di4r5p970Msp4l,0:294962360ec7207281785f7e89d7c452739902b9e51e16fbb7dea1ca167e8128
26,EQBQ_5RiQr8CiqXEZpqIP8-FaH3wrKPt_FbnyU0NoA5aHGKW,0:efc78159f866bc1756d0ada37ad9cd20ae6d8105e1f8cf3fbf65cae01dfe8302
27,EQDvIS3U8eBIWmVKS_-6kCjBJUIkjiWRY2Qk4py-kjUsrxXa,0:0000000000000000000000000000000000000000000000000000000000000000
28,EQAJ18SjCoFP1jPAU9WIDXIwgSKG4z4IFw8J-eEDxf3sIuwF,0:4174a55b92392d1d34dcc191ed8f2d8aa5f42896ef3c2bd8536025739ca5abcc
29,EQC43_URy_tJS9dvtdBsPjg6COcQjIo05amFlHH2YEox3_jd,0:1afc7b9b6b86ba888520b83f7ae7d6fc6021d6fc2dbe16e2a3293aacca03f234
30,EQDELwKRp0OOZ52_rX1pubHyuC7Q3ieYAca9Bcs3HCE6QkqJ,0:af55e8ef5254486f2db1e39423c5ed9ffe88538bb442bb48538e170070e626de
31,EQCQIgClBn-dKZMFFBt9bPDxNegrgQg6d-FrkMErYA4sgil-,0:4174a55b92392d1d34dcc191ed8f2d8aa5f42896ef3c2bd8536025739ca5abcc
32,EQDB-m_AFY_WnVTSriFVUBQwt2f-GvCJkywTjHBZwGAwLER4,0:df4740cc51ce966ba0fd3ec59683dbaf708bdd77a63a593d0b008d7dc6357cfc
33,EQCD3s46xdZX0AaFjXP2LKkVYhhn9UgotHLb1ww1w8XeSGIR,0:8f60fdf9202bc19cd2be848721a7fe317bfe7c1cbc9c8a038df3ff8f1d2d8931
34,EQDy-D_dKB_-sRRJvKaQZknUPzBYNy_J2kFaxoFWG0gzOJY5,0:01d9667ce55c8fd4c35407da881c9c14de2030254dfa2c3de51d53ef46cc6e54
35,EQC6MNDv_9rDZxoy2IyYBkYmnTfrgTi9Z9qWUoGL6Fvkyp1X,0:7b39673f61dfc7b7eb3eeaf69451d084ecd618499492e4a5957b81f599de6014
36,EQBbFIQoTdFntefYT67Vgpo1tSGW4M2lYwG550FoCsTuzStm,0:efc78159f866bc1756d0ada37ad9cd20ae6d8105e1f8cf3fbf65cae01dfe8302
37,EQB_MUTNwk9b8FE7HWAxmRXcMLdkhSGuXNOErxwLNUjexfCK,0:01d9667ce55c8fd4c35407da881c9c14de2030254dfa2c3de51d53ef46cc6e54
38,EQDld6Jy4ibemxRaRB2_30ycm5i4z1ZZZQI0zbH54ENbIwrM,0:960b161868ac80798f229afa626dab2f0f86a5690ff3e629116d9938f299cd13
39,EQAXFjY--3rxVm7sxvn8ZDC3wv8g-PX3PWvqtD3yupdzuRjO,0:44096e25b6db5d1293569c9540973c9d9e0701fcc11f99c6672aab5534eccd6b
40,EQAoWnfeA6e3kkzv5khVuaL-5D9Ot58Cz1B00gZ528KuhibF,0:288a70343eda256c1df0704f764171d2d4978e349614f7653b90bd53b36d81dd
41,EQBf4ZygG0u5LgpTqwiA0rmhwoYxSNjka156vrmzghVvB9M-,0:17d209256bcd4dc6cf7ef6b9ccb9abd2c087c5eec2573e9dfa76379e032e8009
42,EQCSnlua_jm-PNdb33gv8xh8hK_VGwh6nyaWl3qP9KXVlUDe,0:e5a2c0bb8431b9c8486d0edaf2d81acfd11255acb282cc60f60901c39032c668
43,EQAlfRMwx1IaIl1iIaNFN0Xd2tsnPk-784ltLakd338Kb8GW,0:d306dae2b858e328b4dfc55f44665a137dda99d70e46f84efcec074a3b55be0e
44,EQDEON5Wd7HXbeSjegQVevGtow8xhd4rznoUZHtVCi55UI8F,0:d326a94936694208acb041797c085e676c25475b2b8f679ea1f01ee85632b3d6
45,EQBYg_45U04HMJdJp_btElrJidbMTcoCw_rf4l4D06TbAg9t,0:8f60fdf9202bc19cd2be848721a7fe317bfe7c1cbc9c8a038df3ff8f1d2d8931
46,EQBt12-3stKlPe5zZ3pgTJh-zmcsU4Yz2fAB_Z1Nin-aadG1,0:429bdad1dc6f967b9edb3c27c04b50bbb12ff8276acba0e26b9013b45b01753e
47,EQDoEgUGYQoSnXeju3VW_U2AWprxmBfLKKMSODIfO2fd8_S9,0:d306dae2b858e328b4dfc55f44665a137dda99d70e46f84efcec074a3b55be0e
48,EQAv4VC7KRTVQsvtXHV9jPVREKO7QM5EJH0wBddq_ps1etCg,0:fd5e67c2492f9ae3476c7fca97183e8acfaebc43336e5f9eb0e3004b11279c9a
49,EQBp6nIr6KeZHP8MT9a3S2VX81GuexD6iFCI4zHUw0XHWglo,0:3b8911886c4075e158ccceff3a1d21d1b041f565d81ccf9317b2b3841b8103a1
50,EQDvvF-9rjaE5Z0BvWC4KkVKMwxn9zDPxDV-DhnTUauzIOGn,0:61bd908f01baa5a8769caf8bc62ff548ba35a3ed8f1e33a4f4d61a79967b687f
51,EQArf_2ITM8eV9iPdLBRNfBR6TWjkvkVbXp49BV6vub8XUiL,0:b855040a3d3082b1347a12dc1d115e1270472cda85da92cea8b24745629ddc4e
52,EQB0z4_5CtWuOLqf11_VWZVd7hG-K9NAdEmxgkfGzeMqj7W_,0:c55de9afaeaacfb2bc821e4b60124ad296e60438b1d052863c556cfa84e6a12d
53,EQB_TythUBQHfNaeuxC4HdGgF4-Nv8y7qRTrEIELiDlJ7bhR,0:0000000000000000000000000000000000000000000000000000000000000000
54,EQBhWpe5SA5NhICYR5nFT0vB21rhqwmprS0-W7lFRiEQYw_X,0:77f35518b362481ccac8cfbde4966f25f96fd2c8e1961aff957d781c5fecbb47
55,EQDwxQs_0M86xvxYz22k5ofF3zDBz2vx6YAqnys7xbZAp2dI,0:4c6b80aa3bcb4add20124c101a36076f5faa000777d34f252f6fdbb3c2a774d9
56,EQCipQa7tPkkJhYh1BiViGUQA1FnmDrbHaYuU7H14NZyws6R,0:fe3de9cd9564ccb5a173b145c4ecb6ece3c5ca60d42069ee63226f44fb5068b5
57,EQDwqkEjR7wlDGLg_K3W3C9nsL_68-xjz49CVmaTsaNtx_MD,0:bd23ef5801b6def68aa55cebdc0f6f2b4c6cc7648186eb9a7823dabd04ff953d
58,EQDUa2RULsyGtsEqVsRLASw5jaX9L8Ld22iU60ZnRgYeWrrQ,0:f59a38af28db24ada77c15057c52d3400ba6b2301e5b82feab62684e71228f2e
59,EQA9Ktl5bmOQQuyQkb-Zymvxr9Vzz5CAHbfxl8K-AP9vqdMc,0:c2af13ea0300f863eba184fde41c7ac9ce7f9e1009341d51c8c5f5a8f6c6c50c
60,EQAiWdvGQIVF2GFrE-3HT1Plfq8FNVI0yLufAmDktc_d9Nwz,0:b69a147d20245dcbcd6bbad7c988692a1f5f4ff661f31b65bee421fd65d8e5bf
61,EQBix-zBWADmfoR6NygYcwVEgMI8R2JatL95i0uJaCMV0_5q,0:f90cb820a3e153846bfc7299f593c1901ba8c789d25dd9e8088f80cb9a0cefeb
62,EQALdjld1pHW-HzCcjSlysjcj_mFH8-ZljnLqvSnrKzA5qx1,0:4288893333643de1f1625a8fd0a1508e738c14bffbf5107334d4977d047dda85
63,EQCAabeV_KQPiEbbjs3yAy0kQ1W74HK6N4nFd2T0ZNURxFZR,0:a80abffdfb49ebf58003946286b30faf8b4ece0cf64040985e82b51143b22a9a
64,EQBOBSDlRedZc83qjW2rId6NhZzw71fOts6T0y4nOfnpi9bV,0:fe3de9cd9564ccb5a173b145c4ecb6ece3c5ca60d42069ee63226f44fb5068b5
65,EQCUAilRCFCFSOFotxKNV9ArNDo7Db4E0QfBu0_IDnn3CqbY,0:fe3de9cd9564ccb5a173b145c4ecb6ece3c5ca60d42069ee63226f44fb5068b5
66,EQDnTcaop5sQL4B7f157tnWiWMIihUPFuYhACPh99prYYMJH,0:b69a147d20245dcbcd6bbad7c988692a1f5f4ff661f31b65bee421fd65d8e5bf
67,EQDg8-01jja4rxrzn_4GKgWMzE8eDOtJr0SvlvSNng7RjQlq,0:1afc7b9b6b86ba888520b83f7ae7d6fc6021d6fc2dbe16e2a3293aacca03f234
68,EQBj1BoCAokqSNpaFNE1nLcd8YKM-nz2BDiMNVwgdEwC4toY,0:faee4a6fb6ba69c9c6de5ffac88a4fffc7b2398646c87ccb8538d9f4bed2c376
69,EQA5Iim-rCGt5e5cD21uoSpBSHve0jS6fGALVenshltu0pjy,0:4da46c2da241e0ec6f6ba3f90f5527904d8d8324e7d8acb1312deb57d9be4834
70,EQByEAPRVgq-n4sEtrePK2Ngpto7dsuT6QSehkyHlJhlB2Dh,0:21cfedcb1def125b02b551780de5ba4dec8b0a7b5c8d59e8f02091203dd1c8e5
71,EQD9723TzdRAfdVOHGijVZZ7oT9-gu0izN0sdhzfsFPOG3kl,0:2aa6aae4c8d5babc8c06ce04441c2ccb3a6c45c76337169222b813cd34636a8d
72,EQC_6bDiI_6IVMZg-4IAZ2jLKW6Qc4d4HrFeuS_kOOar5hQ_,0:16ecdc56e1436bbf34ba3db8831a1008c7b6a775a71c82b6ffd256cc7aa39c4f
73,EQBRjXTtWFoLKNmp4GQHDuBosjchodfhCoX78CVRNEcUjdII,0:5f0ece66dee8b2925d52904b5cb140fda4d1ec26d2ff3e08f8452b36c41406de
74,EQB9FanMX380BS59mZOPV8x3GQ3zMWawuDd-nYQQNRiyLyoz,0:1afc7b9b6b86ba888520b83f7ae7d6fc6021d6fc2dbe16e2a3293aacca03f234
75,EQBsaMexempAwIA-PJ9OIB2jBOJmUIWr_j66VMcnBonHgOcP,0:df4d78fb104cf22353277e22ba7f1539886e9d01f3e825f1d2f4f107eb825ecf
76,EQDzYZZiE331tZvFp0tujN-1Ho-TYK3UwjH3uobjHTtf7RZj,0:f90cb820a3e153846bfc7299f593c1901ba8c789d25dd9e8088f80cb9a0cefeb
77,EQCxm-PlY7d9Y8BZRyGbzAyhZqozSFy1d7OO_l7_5NuHIXw5,0:2aa6aae4c8d5babc8c06ce04441c2ccb3a6c45c76337169222b813cd34636a8d
78,EQDVb6MznDwteQtqbG1H0svSjgntMP3cGvW1wIl1pCDANhTI,0:9d5c080ce1963556bd9699b2c141dca7d071bf3fca4e530de68076e0947f0797
79,EQAbofSAHJuTFjCLVISOrcCCDUEnrCSwuT_5zTwQtDTqEVCG,0:277b4b32dbc256f59c1f5dfe027366e59947a38cb908825ad8b2d05f7e52d11b
80,EQAdYiBQwuzguR49ZsHWtAeGZ2fWOVMgYYKGjZmp5cZj6oNL,0:ea997130cdd998fc21302082c965806c1130d76311bdff3110530e5404b95245
81,EQDbMMpqKz1p6wlBvQHqH6tmiH0WCuOVmyq8bGte6EcaPzkc,0:0000000000000000000000000000000000000000000000000000000000000000
82,EQALK8TgfrP7UYwYFd9uDNE_67EGSBZ3_wQ55yNuVo8ogh0v,0:4f989ec6e638ef75cebb8fc58c2bde9d42ef60b38e2cf15f7be127d9b1bc8250
83,EQBAxgU2h-SQqexYCGWeB829Ejt7EzpsN5AEnemsM9sqrsNJ,0:614830ed80276d07e57b36c3c00b005f613cd180f1fd1456b472dde16ae5558d
84,EQDZb1uv2Xy40HokDjwSx90Bp51iaq7WASd9Csq4PXv6YSKS,0:2d00b07ca99ea8ff6e83b4f3e274505be4bed0046d83885ba4ddb384d2e40e3e
85,EQCf2AVnnGLf3Mv9k-KSp-nZJFSxFSnM_dgadWRXkUm6EpPO,0:8f60fdf9202bc19cd2be848721a7fe317bfe7c1cbc9c8a038df3ff8f1d2d8931
86,EQA4f-M6DyNmvJManv3JTf2APN-xYFKx9ea9A3hFRvHKpTot,0:f90cb820a3e153846bfc7299f593c1901ba8c789d25dd9e8088f80cb9a0cefeb
87,EQDeSszLCCT9qBYbZ2Tsb6GkogU_4tSWjGc13FJXMdBqSzBJ,0:a16cbd8ad72bf20f611d812ae52f1af3fa0b28040cdc884ee6adca36c3b24a31
88,EQA0PD1qcW7An9aBl4TGGOlovkFfRzrJbBhctro7jXxd9Jfo,0:f6fed886131ab14961e868f2da26e9b491d3409e41072ac2cf45387c062ff2d3
89,EQDwGQOJm3mMxei-79vNLATc6AfU4gdDcdc9k1xDu5DaCr-o,0:485299a5cdee7668bf467cba98d1c83050a24e54c931bf7e77a00d73576516a5
90,EQC-v-ig5lyBDxUXDYmjz7BAW1V33lSxq1rGvUlQUzCtUa5q,0:92ff7f2722781ce265f623455509a8d2f8bd636a7811b42055528ba6440b7f33
91,EQCmiP8pUrzn_CVbfbIxVKmQHKpGeARlBVdxPVXGi8-aagqf,0:a8afbbc6ea08a7053541cd1f3018199a7b99d45fb3571d066421c55f304d8e47
92,EQB8kAA9GH3hxlXgwbiNS7QZhbTLIlKJnaB4KUwaZdGpmtOC,0:9cfd8c8a7319f70a30602888911d13bf29a18e295b2b75ff5e387391d2c9d7ad
93,EQBvLI9Q6-PWO79l8yCvN4HcEKxuMY-zTfyvPIrEZnp9AmR8,0:1afc7b9b6b86ba888520b83f7ae7d6fc6021d6fc2dbe16e2a3293aacca03f234
94,EQBlc7e_FsjrNXw32CrrL-pkEG3-rU6_NujH9CdYWo3TAMsJ,0:c7807b0d4aedcf21c1b1f3e0d5a2c41abbe992c199797c4384371deaf12cb77c
95,EQDFJgjCsN6nNMSITep3zYkJ7ZOQR5xgvSx7wenRNlRz4dgc,0:0000000000000000000000000000000000000000000000000000000000000000
96,EQDBIUBOnNN9wzSutPC2GEHGuS2Kilm7ouSTDAHryAAJ6Au5,0:cef34a77cf0f6faf7f1b852f3d5b9de78d9c5f362f1fa149ed95bcf61c4e95bd
97,EQATihbfyg0ZUUObiLmBSprG93DZCrfsBrlzz4jwcGzyTVqk,0:2b883e108af78bba2ee572a4cbe4a46e902778ef7f0db5048d8ec14bf0a71744
98,EQCs1RXvr8CX288xVbNdq6u2yvNSNa6ibPI_LCZ0_gBLfmAv,0:aaf5771a75d960643557652b38c59d6865fb575699a1a9d074c7fd1a89b59319
99,EQBiDyYN7TH1B4q0fvYBEM7jXhb-NpA5mbUUAxR4iWx4knbH,0:3b5e682c2a4a9c450c8ecb86025f41694d7afea7431a129007bbc296638fbb21
100,EQCFUUMfylLO6Ak67uBAlR-_OROH6VccU93EcZ_BVRPY8At9,0:44096e25b6db5d1293569c9540973c9d9e0701fcc11f99c6672aab5534eccd6b
101,EQC7e6_-jdkyGMdK1JCrEW6AuWvsn6vaVQFXrKTG377kCLPf,0:3f7ebc0952b398490d5f6c17690d4b421a75d537d91d78c5bc450d1bbee6f79a
102,EQA3DfV1445lbalWNWkMDdjVxTCbJJqM9q6eFJhqJyyjhfki,0:9fed171c72cfb8245230346042d0aad139adec61822f212972ef5eedf24787b3
103,EQAkG4dFeThO6QuYOty53JvY7Do7QlRSd5nf5C1RlmD7F4K6,0:fe3de9cd9564ccb5a173b145c4ecb6ece3c5ca60d42069ee63226f44fb5068b5
104,EQDE5fSoxDlCuxuQThvpwfuC4XByQB7JgMudfmqoLkHmw097,0:e4c9f55065b7e771d1b5a5b43c79f3f40a9f802937d862b9a7f023833c151480
105,EQDAlJbr5StMm-hU3l5L8BWs6ls9uOq-EQ2xqwVoMjWf-V9S,0:726a9944005096954cf08fbfdbfbb6c6d0a798db0aa6232e3c66e689b7153fc0
106,EQC0AaQE48A7YW4CYUO3XEiipGsYCjtNuH6fGZBfXrLvyD5K,0:ce150b305ebf34445e1e9944a791c71821c2c8410b0366fe07b423480604d94d
107,EQB0SO9dU4hiQivNppyHjpWqbhtKowWnLpIahnjLOm_pTqbM,0:fb44f30a8140531b9732e2fdb510d46a12b7f9033425589e8fb8a01be430a02a
108,EQDa0lcC7z3w9F8MrHDqR9T6C0cUO16WWqOR9yEH6ZPHBh3F,0:0000000000000000000000000000000000000000000000000000000000000000
109,EQAolkUHDiNDDSu8AaDvE9FHgjQymNXdniu2yIrYdvVLtu5j,0:277b4b32dbc256f59c1f5dfe027366e59947a38cb908825ad8b2d05f7e52d11b
110,EQCu1DpYY4o2SL4uJyBBXG1yGiiub9Gq2dHMXRSCkOObBV9h,0:4b12fc66a00ca72a85718e98a03ddca913c6d3bee3281b12c0ccd5f636590334
111,EQDrixrQp1Or5seUYTmkHFclIYUInsh4CSSUSO-D7KLioNgv,0:a3686bb2b3f670b9c1ac7806cb553bf5e61a09b97299a0fc48d9447b0b7631ac
112,EQB_Zz2n4SjDlQtIfLryycLErZ8Mr-GJRwCGdxV2CcIPhkjp,0:2b71995d701e2a1936579f6639dab6133195835048f32aeddd503d01bd10c8a5
113,EQBW84ruR3r-hGMuszZb3twy3qZ1MN2p1KnYAEwnVBrSHWf_,0:6ea4830877d8e7a00d86d74e0894bd8a7f5d366e9c68f09ae9b9162e47d5c0a8
114,EQBpGACFS9CDBZ8Lx-Y9Pj2DRibRkxb3hDKKp5kWPnIFGcGD,0:4288893333643de1f1625a8fd0a1508e738c14bffbf5107334d4977d047dda85
115,EQDYP0TGgKt2oFHQWU7y0rtArFVrShJdXOVkho7_1iTF88RS,0:39a11e1b3c68b393926c83976d34242ddd367089d78caa38cbf2fb33abade5a0
116,EQDAgy9S54UWZE4yt0W7f1OJS71CJfXvyqzacM8OUVXVQmb-,0:1afc7b9b6b86ba888520b83f7ae7d6fc6021d6fc2dbe16e2a3293aacca03f234
117,EQB_bgWC8UTK5Jgg8mFUXlcnJo9sNNTOVXONnCYcFDglu8C8,0:4985414090ae2e720412f00ff9fc72f083fa86fec866c1ca14e8cb879a03db79
118,EQDFD9Laf3vE2xhJv3OGUie_x5UfsToPfEAPmqc35YAwDacI,0:dbc9753c9fac45a1cf765fdcfa38f5d6b5c0f6a8af6917ba5ece58385a2f0b36
119,EQDMlsy-y0aXxHHhY_ZwlfDiy0f1bSWL52OIYlmNHChUNvz7,0:44096e25b6db5d1293569c9540973c9d9e0701fcc11f99c6672aab5534eccd6b
120,EQDmpzQFpknUfpWyyQV2Ij2QidjXv10jB8hhMUlP28ytaaaS,0:d70c214b5e0893ae319235506ebca3d955894f9f727fbbdeb1c4b6acdffca845
121,EQBVNwp1N3yavIIU22EMGfM3bbxjP--fC7pnvpsJeHhvzsUJ,0:f6b0e14286fb4b32a3b4b96d1c37fa8b563ee678c29428d5194032c1e839a94d
122,EQARDLKZ_tfUrWh2be7BRgQbbD6wEuzPZoK1JE0kN2vu7klb,0:1afc7b9b6b86ba888520b83f7ae7d6fc6021d6fc2dbe16e2a3293aacca03f234
123,EQDJCGRY1DgSugCrspmQunTzFUNuex9hWKnRiStFqvaB-244,0:3d13dd752845229564474d6cd2cebc8033b6e365d692b61f86465d54f92a367f
124,EQC3HQcToUHwjYwmPxB5vYuCpapNgrlDN2S4JYs2aEX9XqgE,0:b63eba248d21bc113bfecd49aaa057e3b037891574855b4422c07f71fb841fd1
125,EQA32pNp3TEUtCiY5PhgFgo8pZieeIuFYKrNFTzNR-HkFhr5,0:f3d1969edb68a21ff5a697bfafc219ee393de8e362d31d85c1cfc33376ef1f0b
126,EQBflyM6dxPfrkwjas9ELTKGlwvEHbgXvq6YZ0yAEgdMnWiw,0:6e9092d50e167b95d85dce648f06007cd33d3894b0b2f6864f459f561317d75f
127,EQB0Pa9UcxJ0pahYhtc8MZuoYThY0N7p5uEu-bATZfEftqa3,0:283aabccb834be2cdb07d74aec277d95a6f3acf6b516688577b82fd4fc6bc54f
128,EQCBW1NcnZxqg5MCxmgHtF4tYdaRZkEi9v_lkhuOyRbuGBlW,0:bb4ab5ac6254a1ed2d15d6a8e409a59bc6bc286b5b9eecd93f2ec80705253cc6
129,EQAJqsrOXnoxNegAGcnNwp9PKXnVoYqdOI4LZFMCZSO6QXDT,0:25d3e0db77696e2c403aac45050fc931a4d14b4b02a02704f0d7f1291b20aa27
130,EQCGRKxtg8Dekc2C9hFTG0pSXyYLetklruywofQppL_O3BLJ,0:cccd12ca10d77c9c519e0f050545921eee2a48f7d897bf8b95a9b9533968687a
131,EQCFS8pjP0gpWnLBts_5g5Uz6Y9VI9LFAQ8Ag4JwTCL7JzLY,0:5d73d46431b1a22eb361b0a5bbabd9d91962a8df45657981b22067d4cab1809e
132,EQCMJjiRv7Y0AW0T3RQxMZjateqF9apo29qNVbzQplgdxN4f,0:0000000000000000000000000000000000000000000000000000000000000000
133,EQD1lA3Xh4ZrDg7ZHxy6ij7VX2sGP32vM3EpE3LdTxtoaFdL,0:4e0c0b9d93dfc479e7a594f6a8d79d17ca23f5f3f2a92f37b754551ebadebe13
134,EQDb5a-foS0rD-xGx8mYrhJXWcx82gSw4vc0oht60VD4l4tp,0:f3b033bc4c96c38ea068ec64da99a190745ba582e63ffd02e47ade41608720f1
135,EQDuB0ZeK4DDLfruJlK_Nik7zKfmPTqop9RJ_SmMSMqAT86k,0:f90cb820a3e153846bfc7299f593c1901ba8c789d25dd9e8088f80cb9a0cefeb
136,EQDwBGUSdqeVKE2xyJvZyLrqmvap8KoVhf5G8jMLcG6sLIoN,0:f90cb820a3e153846bfc7299f593c1901ba8c789d25dd9e8088f80cb9a0cefeb
137,EQDKbNZVCFHb9_SCDmtfaL4VRVsg4t43pAoSsDEM5dXh-VwU,0:0000000000000000000000000000000000000000000000000000000000000000
138,EQApn01R2oiDvB6r6mkB7VC_gQ-iZRCJwuHyvR2tqqgRtQjF,0:b20f17c96575e1dfc3c9595590b8506fe97ac0048719d2b5bc722724d28143e7
139,EQB5NEBfsafQxdZ3kh469777R7lA36DXMeXAbXnEu4B5BhS2,0:a8d09c8203236e9a446cc2736f4ea9d9e55098ca9a11b527a086767c92397638
140,EQDiXj4MO4NR-jX9vshaJj7rLIanG4_-mDQ-Jouw2w2i6HSR,0:dd89df4e35ac095ff551d81bf005f1ff6a4bae5de3d66f904bec3accb1e4f95b
141,EQA6Kmbs9QPeI4K1jmZCXIK4gj_HcZUPGgNtaF-cxddnIQT8,0:d209ab942aa979ecd0b6a80d05a7423eab838b526a8237799ec4e8066631e2ed
142,EQBvuqeYVkELYxaMuFk-h1ga3u4PUOXZQ1QJ0RUpJRanLsuY,0:289cb0c3cc9bc12ddeb72d9ac62d876d2374972bcb4287ac8b17ee599277e468
143,EQBB1C60zSfoJiffG_DR8jdm9zOj_L7IoII_6VHlZHaRwOjm,0:a997d770428adf55c72dd322bd948636224fc3224fe525079868a74429f19d2c
144,EQDbnUt45VNMCBBSdinr5gh-Oxb0VzM3QDjYy3y0pz4bN3R9,0:e26f148400a2a615d323fcc42fc0d84792813882a93bb49cbe8ca6db082fd4fd
145,EQAMlG1UKkwOWJdEMfAsN16vqj8OwyW8OSSJivQcsFsj8Y3Q,0:22c9b76776c1a4bd7a6109758b0eeefa8f011310a3f76933363c18c9ee743f4e
146,EQAnJi68z38te_lXKs--MbKF5WNLsbr77yJPgCr_ufrf_jU3,0:e943613cc02b06e8e56aff90775660a4743f2046b8f5db8be1fb9ae1dda2947c
147,EQAr2QGxmssT9qxdlK1RyHAZqWFXJQ68JiNrwxC0dqM1DejU,0:c663ae51830f9c76d350c40f31420e45f4eb1902b680227e7857cc89e907c26a
148,EQCy1jr1npW4iJOSDZ0wyzCDF2dIRA0wu75C81FrcUThpWxA,0:ac50839c471d44ce305a142ab0c94aa635d06488ea2371c58b61a4908e743bbd
149,EQDP1HA5mJWHAQ_-rE7qTgZEe7qCuAeLZFSxp4jYx5lSLl49,0:3265c7c342f9bba210a68d625a2ff8cef56701c4ef85f63fd30703a1ee8b290a
150,EQAYP1NsFJNTWZu3PgzIzIfqUDotmHGxeZLrhvBVn9gQFHVv,0:b089f5587ea026cbe697b2d0bea7f30c3f95daa7e72e0e4d24787ba57aace1e4
151,EQBrKcSnhb8huGIor8JPe8-71Tp5-6Vtqm6jBx40udrOn_MN,0:0000000000000000000000000000000000000000000000000000000000000000
152,EQDyHJeARu2JCn1xISN2Kl-yhMWHewev9gaEWKYXgxKfUpTJ,0:01d9667ce55c8fd4c35407da881c9c14de2030254dfa2c3de51d53ef46cc6e54
153,EQDMaxu9AfvF4IgArWnZCV8TGnpiaF21ZSgKKtynZaRyRGHt,0:cd38a2dd975069a209e0555bf084187e7e7587bc6857f31f03b4a263146af5ed
154,EQDqiT5m1fXG1CCcM8ZlC_XJJAVPQ_5q6K_W6NaBNW_Myfcz,0:2067cf980a33549fe0f03ef2ac6b5d78bcdd4b7edefdc9466dcb93625927e0eb
155,EQAV94lDYGQ9BiPBlPZ0OlHPaC8EJWV8qrhwYwhtq3LWKYU6,0:1afc7b9b6b86ba888520b83f7ae7d6fc6021d6fc2dbe16e2a3293aacca03f234
156,EQA_z13CPTdomUpGe4kEg_HLq3Pqgas5kcp3L1VYFa70cS8I,0:f90cb820a3e153846bfc7299f593c1901ba8c789d25dd9e8088f80cb9a0cefeb
157,EQAEDFitThQkCD1QBI69c_hxujCTEycxREZXdOkHRHpS3j8l,0:31e002a349412eac4fee4d3139cdf5adae85abfaf118591d256ff002cf614fe7
158,EQD5JVbFwgJqmAQiGUNNR49YL3qBUU1dBQPtXYG0tWL_1O2Z,0:d97ae4c530a62c63b6385ddbc04d74022035a075e8b94d929222ab6e9b5471f3
159,EQBUsn51gpnoU79wjwk6nVmkOoSnlEOjFeTr36-pqX-lEkKS,0:44096e25b6db5d1293569c9540973c9d9e0701fcc11f99c6672aab5534eccd6b
160,EQAMeaIBRL4SwHa4ocQysZ8xnkA29mWULfBspL4bKGNRAcQO,0:864e9537f531959084da8cfe20ae8f4bcd92067d3a30bdc545561e1a86ac9f35
161,EQCNbX-XsePefQ0ifXcCj8Lw07zgsLTF9kcxYeGiMt3MFHuT,0:2d1a5d62b4af9b56e6b0e431dab1cda869f60caef0a7797733d6d5fae080ed01
162,EQBVTzQjApMWiD6gZ7-IwZ-YFoTn446EoljiBsWiHAQS2FsP,0:0000000000000000000000000000000000000000000000000000000000000000
163,EQDPJJsPs17_EjU7tZvK5hMcPMBiZQE3_tAQuMRcoztO_s9T,0:0000000000000000000000000000000000000000000000000000000000000000
164,EQBaCVpz0Y0CINeoX6iYpxrslwp7BeRB7CXTLP8gDepSKsC6,0:c8088014abc58ec085a8e937bb4ccf0c6eb8eb07373c1767c965d0f4152ff21f
165,EQCIQggbIRDUCZilsn4yIZGzDMjxZPmxQZob5Gu30BcLe0iI,0:188ccc09a44edfaa3f71021c429284d9be86bda3416132e49541b07c1144ca2d
166,EQAHrk4MSMykw9FU9aZB8vcIyikWgkiH_ngPOeahpa_UwQ0e,0:91792fe994063de6a83c9d9f9f301172888b179ecf707dfec14d4abea406c726
167,EQBAInXU8-3w79YgTQJ_YrWtTQsFYm-JIfxlxXxUhP26K3UX,0:2234af56f491123acd6c10da914237cca0103aa51c014b563f86e515cbf420f4
168,EQBA2dcGkrICTmu9_jHD6GGbbNEmg9QW9Fhi3uhzqYaVzqnw,0:fe3de9cd9564ccb5a173b145c4ecb6ece3c5ca60d42069ee63226f44fb5068b5
169,EQChrGT9-vHrwiDwyTu8iKG9tgnmMlR0Y0XtsBsvFR2XQh45,0:92219f14c17da4838a48bffb0895d554da53db10020896681dfad95c1d2a8d97
170,EQBgIDBt5ur3TMgLopSIktjcYpVBxUC0_4-Pkp9aacRhxv5I,0:4e0c0b9d93dfc479e7a594f6a8d79d17ca23f5f3f2a92f37b754551ebadebe13
171,EQBO5Nn9ajNYzSOZ6yt38hFipvhx_LvJgyXFOfOhFwaceiLU,0:4a94ff9f8e0bdaa2b8992b72211f8aef11a9a472fcbde455dd5e08e5ab89eabf
172,EQBf3nQBNrCyySefWJoD2hcpO0VtMxouFgzv0xXxh1Sh_zvv,0:54949a1ad25d2b2632cdf70f1d83232086b994aa5b4917f455ba7f9f66e8213d
173,EQBRYjrXkwramG5x6HFVo6fOcOyHbQhkK_8GF-hqCqW5EvZ5,0:a41b658fcaae95d957bea3ba56fb1668af110fb5e78d2b9ff7eb7821641de2d4
174,EQAkaK05lKkRGo0J3qD7N_lXf-jCXGEdd6RcVSmfz8ZXIgj_,0:65e6c51434f45cb8b57fa5b2b3133976446e35545c4491ec4df61b1d2c25fadf
175,EQDdpXP8IDrzzx_S0e1i0UULeA3_YprWymOwYJ8fXQXmUj3V,0:f318b9502fa26124af361b3def2a5b8d116176ef13d622755e2c39255e26e088
176,EQApCQ0ZE8gDYpNvz48oAVxCaOT_ov-rRZuWyq6CZy43fSwc,0:be28847a3a2a90d48679631a588d57d0660175be6a898e1ffb32a828b795c00b
177,EQCQNmzBzqEw8AKy3T3ACAcWjujNQM2ikaWbbpf2AdS1NANF,0:9eeadd6a1d9c11386b864f9d94053f2b7bde3d9618a0aa9ba2be9afdaf7d8fbe
178,EQDvBcPsL-1eAX79nv2-b4gRstp8JpYEd_rrno474ypxscut,0:288a70343eda256c1df0704f764171d2d4978e349614f7653b90bd53b36d81dd
179,EQAKE1nopMxnvgtNAFZ3jV8DTDzcFCD6EYLPxaubhDmuRelq,0:d306dae2b858e328b4dfc55f44665a137dda99d70e46f84efcec074a3b55be0e
180,EQAozpUpkOTkrovAuvNmweJHUBRvuilLs_G4E8D4M5F1CuNm,0:bdede01e234eec4ecdfe8dc27341b032af7475f64c6842ccd4ea38fa8192f9eb
181,EQDtPAmN2cm3REYfAhNUG3P0jWvQLFATawpOzbcqIT2z5mjj,0:d214a5dd42408f671de7c5b4f490760fde6ac2c33a3de378efa23192ea629f94
182,EQAw2Xb1_0_UIIfXFQk1PL4L4sxDvEDOX6-O9V0o0llygtC9,0:dbc9753c9fac45a1cf765fdcfa38f5d6b5c0f6a8af6917ba5ece58385a2f0b36
183,EQDDI-X-GnGcNEp2kynIdSEsdmt__wUXS-LN95RA_cZmFoFv,0:a4c14c539eba13707af06a0b92edd41e04486fd8638693ad117bfc857e32be2d
184,EQBgWXVJ5wTKKWTu931NIiGUajYVa6nfib1QBF6dGmS5G3sf,0:69e8d4b0405f51c6242866f7aae933f0cb8ede63b4962bf5d9768f246835f779
185,EQDgZPZlrFGgTPHtFF-1Udb_Wk-LTXDQXWTO_LbOf-Eos7DE,0:b3a917dcd1ec8febc2f44eb999ab735f818b639addcd08316990c9e5cb116f14
186,EQCkGU5UaA14kqnkveASrY6T6S6MAFMJCbgaya87_VrF4Hft,0:df4d78fb104cf22353277e22ba7f1539886e9d01f3e825f1d2f4f107eb825ecf
187,EQDjnEkgsQ2WTKNpiQ_ewWscN8nCTyy7PsS--yTv8Oxv-jMt,0:0463c98b8e1b6664cbf0671ee98f4fe1dbf051ef32fee445edea3a1b679ea61c
188,EQAd8r65jXms4NmAvvv5ED-pHEwVlIIo9pDGnxMaDVY1Kuvr,0:287e182ea81f67a8dba379662609acda5a4a91c1cc6325189d2a506763f6f205
189,EQDiT-l1Zg4ensInbZ6Kcpr9h5J1qVMPxdDnoWNROYRgFH5o,0:3873515b563d1a2d4191353b4f08f6e9c379c9b8df96dd42cbff9339cb5a743e
190,EQCul0SrmHVUayzEou8rEBUwV-JbSSM_5NpJYP7rH1DTWiUE,0:008870c05dc513165de89961cf35f96e4deaaa96fae184852c786d234ba72812
191,EQB1FO3VEYs7P5g2EuDpQu3uiqr826a93eNdgejc03GNlZeQ,0:3f87347fb234f902c7606927bc8823a317a1803e7aa3bdfe0e72910d21a2cc73
192,EQAxKCKMg5Lq0Cd5jcEDxMvTHPn7qPpxy-A0pgD902FGywru,0:f25ee3c92ce01bbfe46943631906345d842c5eef6fc9a507d594421091f96129
193,EQBucp3Nc3S2Xmv0VbGJVKHjoPmroC6-xWLTqyiVAYaxEGNt,0:d9239254fbcb3c51cb6ded5cf20ac14b62f2992ec4570a22a2fecb49c9f528a9
194,EQC2ONj1ws3KCQr1rJRDN4Vc1xKWA3c5jc03ISA-bOWb_Cxn,0:48cae32de57800b0c78c4800a95efce8571028019129b166f7958b9ece019c34
195,EQAFZMdw5Y56yokVR8wq2qgo9t1qWGq9FyN-Iu5K1wCcMDfi,0:54bf1aee904a98374510223afcd9a37bec16036f33394674c81c08ec275866e9
196,EQDqB8PVlRC398aiZo36XKXB2tVxmJ-ndWihC8Eb3pgdQ-ab,0:f646f0a4fbf234aa579a202f00e4ef4b7f48f74d2c9d7dc296ae7a576298fbf2
197,EQB_ys2RUtHhFmMpH6OQVoNf1UigQskUsVDG3kWF1pb4qUsp,0:5ee93ccda79e1349e55e45343212e6198668219f7081aced37610988b7ad99da
198,EQC0FPx0ApvUBZVR6uZZuisp6tyfAYLC2BMdmWlE1OlaXraz,0:f90cb820a3e153846bfc7299f593c1901ba8c789d25dd9e8088f80cb9a0cefeb
199,EQDZ-6wKSk4h857jwypXZSmHDsPQ3viofmg5MXO6wNZv8yTq,0:9d19c2272d111030fd75acd25b5a8bededbd8c66b667ded03d83fd4e33839d2d
200,EQAoMdn--kBoqMIsdQx0j9wxGha_zF1gmmZUwVHCStMj9km0,0:3726e9c4244632460216c25164f60866aa42941d94e05429ea9095affb96a82c
201,EQCG80v-K4gR2yya0ejweMTjVQ-QINN7QlUPeWxpVwhaPJGt,0:f936f8c9dae284feea52d2cd09b37bc05a826add0b8db4090ade2116167a2014
202,EQD4cTcedefftE_IKZVwmohzTMjIBrUurCouEW8aDrpdxiyA,0:f90cb820a3e153846bfc7299f593c1901ba8c789d25dd9e8088f80cb9a0cefeb
203,EQAnLCMclKg7l65hcogUZgU3OQtKw4xbSEJBapt0EZwUjIuW,0:d306dae2b858e328b4dfc55f44665a137dda99d70e46f84efcec074a3b55be0e
204,EQCWjl7qQadn0JklCLthWr_s4VrhrBTxbJLnbzuw51fRgodn,0:f936f8c9dae284feea52d2cd09b37bc05a826add0b8db4090ade2116167a2014
205,EQBHg5qfHSS_R0BQMbltXHeDi48Qvkw_UtC0yTPjsUHIG7RH,0:4e0c0b9d93dfc479e7a594f6a8d79d17ca23f5f3f2a92f37b754551ebadebe13
206,EQDIpzxRi398nEOGVtmE28TDftCO68iyggH2hf50eyIxCE7X,0:fbb8b988364c8f1ffd8cf3722064d99a5283241be08ea153b24742bc6f2b2502
207,EQCmx-WQrPa3lhXk3IauynZxJBnX0X5XkM2yia7j1BtBbfhz,0:0000000000000000000000000000000000000000000000000000000000000000
208,EQCtdri1P0aICoJnlyPhXnKSFIYVmYBdnO7_O5xNpAZTfZA9,0:1afc7b9b6b86ba888520b83f7ae7d6fc6021d6fc2dbe16e2a3293aacca03f234
209,EQD_kM-o5ztRd9L5kWnu4FJ4lEAduvttj-YzbSiqs8TJESWu,0:df4d78fb104cf22353277e22ba7f1539886e9d01f3e825f1d2f4f107eb825ecf
210,EQBfDGpW1qTOid4bBh0H_uH2p_MdDopd_ieGbsPaSy1MKhPV,0:9fed171c72cfb8245230346042d0aad139adec61822f212972ef5eedf24787b3
211,EQDT0y2TqdjXYMadK_f3XJtS9_boqCYpqyGVG748SgNxwsQc,0:04fae46968e861bfd16f06bb76b581b05f82aa63ac846305d66425231f934322
212,EQAFdRZ3sYLGwxRVdsUop0gnSOQq_-SsSJwscHSPXfithhMy,0:3726e9c4244632460216c25164f60866aa42941d94e05429ea9095affb96a82c
213,EQBwLm9YG7r7YaqSP_s1owcip8bzN28qhf0qjj9aTNfNvg6X,0:2067cf980a33549fe0f03ef2ac6b5d78bcdd4b7edefdc9466dcb93625927e0eb
214,EQDwRonxFP95rP_1u3dv4hmKeQAMSByDaLArhdeCWV-gMqka,0:25d3e0db77696e2c403aac45050fc931a4d14b4b02a02704f0d7f1291b20aa27
215,EQBAoXr8fYmg3X-o4HmOXEv53eP_8mszzuVArI2RYFFG6eBb,0:0000000000000000000000000000000000000000000000000000000000000000
216,EQBe3KbKB33CA727w3Dkncwlqln3GTpHbLXiCKawO5JfloN6,0:7ad0e5aaeb5edb8a4d21145b27ff56489e176508200eeed840d72d31e5348ef6
217,EQBCvk1FO8Vwvrc6xWVFYJ-FKA4-x95Ae5xuHngBiKeoXLXD,0:6fd27096b4690264db486d359085ccc8c6e59fcb31e0f16787f7b340901f2a29
218,EQBXlmCLIlG3xz5YZ_qGmCwNENJ_9ilzgrKJh3fK_OzYL2EU,0:cd38a2dd975069a209e0555bf084187e7e7587bc6857f31f03b4a263146af5ed
219,EQC5oPzWVZiC31f5feuQ6gfRH11FoJ241VvCLZAwowZuzrQh,0:842ae882603e2f3d5372cf1c845daab701ddd949d19895617b7fe6bedc0f7c27
220,EQDSu5smAohLJp9CwvS4s3bqHs9SZj1_-7Z9ZD4bYnPujRLG,0:fb44f30a8140531b9732e2fdb510d46a12b7f9033425589e8fb8a01be430a02a
221,EQA1I9z4QPir_dnEy8ycYx9xs3w9tOYYPxQzuPIWfVct0LaE,0:b20f17c96575e1dfc3c9595590b8506fe97ac0048719d2b5bc722724d28143e7
222,EQCPD-16ByFJ9y-ekQhx7_2gQ7inkpsUYaSAcDhQ9b6N-N1b,0:3726e9c4244632460216c25164f60866aa42941d94e05429ea9095affb96a82c
223,EQAGv9GIXit8Yqn50FRSCrJpq-pIiFETyWsoG_NJshB5N6CV,0:4e0c0b9d93dfc479e7a594f6a8d79d17ca23f5f3f2a92f37b754551ebadebe13
224,EQBgM_9ShaFtqUOMjkK6Jvui00DIYO17nVR4P13SVZewHPN_,0:fe3de9cd9564ccb5a173b145c4ecb6ece3c5ca60d42069ee63226f44fb5068b5
225,EQA5cmT3g6CLsrBzK0m20OtD1ofRd8yBFYDlpK5jNfGs29ts,0:1afc7b9b6b86ba888520b83f7ae7d6fc6021d6fc2dbe16e2a3293aacca03f234
226,EQCPrukfetnkesfXWo5V36DhXuw4QDC8Tyzp4TAgoSYVF1sF,0:477cef43f1f1bebd77a940e3b4f70032a1378c2619fd15a466f194b042f1c74b
227,EQCL4Qond7DMgwmXsaNi93fBzhOjObArUIhvQuh8NZBFNGrM,0:864e9537f531959084da8cfe20ae8f4bcd92067d3a30bdc545561e1a86ac9f35
228,EQCJfPyTGr3RcaWajryTTb2gW2E3AHBAz_2zR4fHp6wgld8-,0:df4d78fb104cf22353277e22ba7f1539886e9d01f3e825f1d2f4f107eb825ecf
229,EQBgTfkDtrl22yL6keNcvjJJikJzbYa568g_xosu7X0aun_t,0:bd23ef5801b6def68aa55cebdc0f6f2b4c6cc7648186eb9a7823dabd04ff953d
230,EQAV1nitd3panzOsNi5_hgs-cNS4IzqF4eb_mFWcv0Qv64gv,0:f90cb820a3e153846bfc7299f593c1901ba8c789d25dd9e8088f80cb9a0cefeb
231,EQAUvOElfutMs5a0cgnSRCmJruhaeZ73ZqEptY805x4JF3kP,0:f319c2c871680fc3afbb72eb65c32a6aa54bf03359c7719dc2abf7c12d5f5234
232,EQB6Akq4ak0f5IkH_UNAfgeYv2ykcb9GS9JHDI1EmCHndkQl,0:d660a7bb866534ef6d615fe910bbc809e8a4625602e08867b1e40bf352877bce
233,EQBs3dtBJtdgbb5T9f5aA-k2fG0HaK0Sq8-k3jy2vQHI-Zja,0:0dfbee091204468d657fcaea4c07a61aef0b13cf21313a08139dc806c4f93470
234,EQBOEvi3GH3b54zYyDuLivHQKl5YCId5KbF9Hj-MWo3N4fIJ,0:72885b269d880dd910bd60bc07fce2c77d0707e6ed8b56cb22552774e2eb4c1c
235,EQD77hsYMO_HnoVEBc3mNOzWqhtUGrrNYyh1T_v_dhURcvLS,0:244e08eb1a76419f8a052908b16a8529af2029b051904f5eeaf225760b69a299
236,EQDNOfN-YOGhMzk9lhXWRzLzjtvuYc3Pabbkn3uNt0O04XZn,0:0000000000000000000000000000000000000000000000000000000000000000
237,EQCP83njCr4XwSffJluNMK8ct02zLsAWq4CHekRnJzmAt_zg,0:0000000000000000000000000000000000000000000000000000000000000000
238,EQDQ1QmDi3zsC8RHMTOFVEJuB3PS4d4XLU74i2TLS_FeKAg9,0:2e22dfde2855ffd0110e6d139704b712f23d6be8f2577fe3d0e8025dff6b0725
239,EQBt3F8Y2vDVQOeV2dQO7zs0vYXcL9eo4YmT6DvLpPiliA9K,0:df4d78fb104cf22353277e22ba7f1539886e9d01f3e825f1d2f4f107eb825ecf
240,EQBfJSbdrHaBzHvj1IlIC4JwuRxAGkcsKaBWhjGElh1SgT1i,0:f90cb820a3e153846bfc7299f593c1901ba8c789d25dd9e8088f80cb9a0cefeb
241,EQDVY7E-uKe6i446NMOw8BQKubG7dickhzwFK4zjRnvV022W,0:31a99a96cf1adf4619a3987a1554dc5aeb8d11ef2e38f7f4365b6f8e7bc01cc3
242,EQCDwzWvPOtxNqRKqPBnSXyNv5UVeua4pXIWM6fsqPawk22R,0:eebde3eced240efe45f5f87f2c7344ef9771abc41df3afca106e043c54b3b450
243,EQCpPWr5cbW_KNaSIi2BimWrdXwQV_tvqfMTDpDnplu8eplb,0:7ad0e5aaeb5edb8a4d21145b27ff56489e176508200eeed840d72d31e5348ef6
244,EQAKo0CWQ1PEP8JutXYR6B56ELYNk9nmOOMY_I3OvNu2TfuG,0:1afc7b9b6b86ba888520b83f7ae7d6fc6021d6fc2dbe16e2a3293aacca03f234
245,EQCfNbrE4MWHS-iG4Ud6vhesY7sikdJaXUn9fOdcgm6L9E_V,0:5ee93ccda79e1349e55e45343212e6198668219f7081aced37610988b7ad99da
246,EQCUSGyY-obgnTxTuqheqqCBH7Y5p6kq_KZvYqhfwaLxXnzZ,0:5326541f97e3c1ee63c5ce2db3499d8497c8e7aa4b787d5eab67131b749a3cd0
247,EQDBb-58LqwRIk66Xb_14cUpPBE0Mq2k7VXUG6lmL2-WtJdZ,0:0000000000000000000000000000000000000000000000000000000000000000
248,EQCEZBZcV11Q8gw3aFS2_A61IP_emJ3Wsp4Jfx-o4NnarWaK,0:be30aacdd2b2f04e3cf47204b7c638959bc18e0128e6cfa833d2634b1032e283
249,EQCz0W1At1aAOLjxVK4FTfLg3Db07rWr-LtM0vOk8E8n7ovb,0:e022094d465a04582eaa70ae29cae4826337982c4eb893f355ffe14228969919
250,EQBtSytYcyaumx_XA9FAJlA47UfhpxmiJ9Oy8LR7GehluoKq,0:2067cf980a33549fe0f03ef2ac6b5d78bcdd4b7edefdc9466dcb93625927e0eb
251,EQBP1esKSSXcMFd2dCV11dccihk82mRMsKx3x5wTH3-o17FO,0:4e0c0b9d93dfc479e7a594f6a8d79d17ca23f5f3f2a92f37b754551ebadebe13
252,EQCWfeytmW3TbrR-VRbSGiVt8dU2cPPspQePWwxnmbNDMyNv,0:48cae32de57800b0c78c4800a95efce8571028019129b166f7958b9ece019c34
253,EQB0DA8KD9hLDeYtNPpHHp9AHXC1pd6bCgIuax_kX2ieisf1,0:2067cf980a33549fe0f03ef2ac6b5d78bcdd4b7edefdc9466dcb93625927e0eb
254,EQDRE2-V4lvhpEUgKZapkZ_73unXEqxn_FLvVTgbwZAbp_pR,0:e0c13f45a6f14becaff64721d47e2437eb1877ced1d177343244d36d8f483031
255,EQCJiu_PySHbzB7Njfe2h09pJ55EOCB4PHEh6j1M3xLd0nDc,0:01d9667ce55c8fd4c35407da881c9c14de2030254dfa2c3de51d53ef46cc6e54
256,EQA9VzofQFdf-mBD48tcEONkymW_7THQsg-F9G_A69s2UwgQ,0:b976cac229eb53840a1b73fd2b139cde817107b772b224a8485ac4f694ea74ab
257,EQDtEIqm8QFw6QIrREWWQ2Z-tIYZ7Zct6rwLYd87zJMbsIpl,0:df4d78fb104cf22353277e22ba7f1539886e9d01f3e825f1d2f4f107eb825ecf
258,EQDVfsMGhqG6z8txMZVlPk4UB157WKP72kBRhOMZmbiMFSjK,0:9a971b470d594c1b5bb437393f3ce2ee5b73a1b78e6ef7873a647136e9bcd14a
259,EQDo8cKl3omUHQ0m2Y05EJ6iyxpQ0WhthtKkm32RnrW_go8A,0:75d8e0fff774a413601278e0a41ab33a0a23f293003f8a7eb33672a07605ba7b
260,EQCPt8T3Eb3hpIc2H2-HLKyyCzJYSXuaX5Ww5Onqp76j1u2k,0:0000000000000000000000000000000000000000000000000000000000000000
261,EQBSIyxwX1GpcCjTGQU9jwhsD7IGJjqnXZVr5YatQhkp2jiW,0:0000000000000000000000000000000000000000000000000000000000000000
262,EQB1WpnpeZZRbBy9sS627HdsCHYLLW8l06JLS_Y-cWhqZ5NO,0:5ee93ccda79e1349e55e45343212e6198668219f7081aced37610988b7ad99da
263,EQAxF3dpKbB4dmf0QN65icySLjuJuJKNjfIhjz6sckB1QvAn,0:1afc7b9b6b86ba888520b83f7ae7d6fc6021d6fc2dbe16e2a3293aacca03f234
264,EQAmF4UiHnSUDet7ndG2r-4k6CeRbI68lgALsQgF8kHStzX7,0:4e0c0b9d93dfc479e7a594f6a8d79d17ca23f5f3f2a92f37b754551ebadebe13
265,EQBHp8yu4bQB5ja1cMMU-4RiodwpQFspgqJBJt7Idy9m2poV,0:6174e4d86f552279db5de65fa15615c51a3fcd2262e5def1efe9385c5a86b8a8
266,EQA-aG8IjvLS66iPfemV9kcQKZvhHyc8sNyjGmGybgdT6l7y,0:0000000000000000000000000000000000000000000000000000000000000000
267,EQCnj9IwOxDbn04ff4-WR33_1j2KNPSgNtqx1ySR9Gb74ATw,0:06534753456eca81c864f14c8f10cccd6027042664bc84eb007f54a7ffa64136
268,EQCccBfjA9rQP_EhMi7ifn-Sv5OZKk-NClLPSKO7B9LQXssd,0:4a5d2e4f4a64faaef5cc587599e2cea7d559247ff2eb16c7e7862eee404686fe
269,EQD7kLAHUSp3D-GwCXgqZCKDpS3ld51kLmwlglKJ5TQGYlms,0:2120a7cffa9831ad11a2cecf70287fe3ae0db774e4db7e656a15d8790b2aecf2
270,EQBcdlAb4-zvLKyIMQBQ5HxD0-qJoyEN0spet7wQqFacIMKv,0:f936f8c9dae284feea52d2cd09b37bc05a826add0b8db4090ade2116167a2014
271,EQB5Z9oTIehNEgMQlrXK6n8w0ppy8e1XJl_VOt1Gi-KEAQMk,0:244e08eb1a76419f8a052908b16a8529af2029b051904f5eeaf225760b69a299
272,EQDO_xBj9Enp2_PLwxBgOHnPlZaE0OYKzPzd41DJDKTnYZnh,0:d306dae2b858e328b4dfc55f44665a137dda99d70e46f84efcec074a3b55be0e
273,EQCY-dlIs4i-PPUa8SLCC-x0OWrw1obJjoiGxqc_nts7yYes,0:d306dae2b858e328b4dfc55f44665a137dda99d70e46f84efcec074a3b55be0e
274,EQDwCNJqFXCUJOtbGsH7e6pM-tXUIoGZMXERy5MD7Ior_wjC,0:f90cb820a3e153846bfc7299f593c1901ba8c789d25dd9e8088f80cb9a0cefeb
275,EQBUwi09ovpQ_-iVZRozBBaMzfp9G0vY2pUci261_sHYPPM4,0:288a70343eda256c1df0704f764171d2d4978e349614f7653b90bd53b36d81dd
276,EQB7H9gqZz2Zpc3hQg2gREPqJvs1CkUBBT_1OINWYpou6uFq,0:0000000000000000000000000000000000000000000000000000000000000000
277,EQCwPN4BKd8Pbjq8hKLFOoc9TtfbkZ3JZFLSZ-gL2XyK7xjK,0:44096e25b6db5d1293569c9540973c9d9e0701fcc11f99c6672aab5534eccd6b
278,EQCQAaALijDlrRpMTA1rJaU0URYypeznkxGyFRb9SKCZuoEY,0:864e9537f531959084da8cfe20ae8f4bcd92067d3a30bdc545561e1a86ac9f35
279,EQBUa25DQFeCcyB20xhKVsCVYLeeoYLXR_qExQn6Yl-E0K5j,0:f749a38c7c70d1a9dfe74048eed1096704a42ff34faef7fd37ad6ae08831ba1f
280,EQADky2uAQPwxpSjqTucKvNrr6cqeaUoZWkWtfVONrh1PsLP,0:d70c214b5e0893ae319235506ebca3d955894f9f727fbbdeb1c4b6acdffca845
281,EQAHbGaASHg53OuaKCUclHDgFjwU_NRr2CAZaQSy0-V_JMVa,0:0000000000000000000000000000000000000000000000000000000000000000
282,EQCB7CDgscBNJcM1lXS-hGEzFLXhEOxo4DYmmAGQPvpejZ8V,0:f90cb820a3e153846bfc7299f593c1901ba8c789d25dd9e8088f80cb9a0cefeb
283,EQAd-qdW3TIwvplw6y95N_ezopguIbVGr8LlTSmEBIlFRCWh,0:fb44f30a8140531b9732e2fdb510d46a12b7f9033425589e8fb8a01be430a02a
284,EQAcJmFGsVUtXk3IpPqnyOKUFMJHL5T-L_qRu3_WIicYdrdY,0:0000000000000000000000000000000000000000000000000000000000000000
285,EQDdPeWk1j_AAYpQC4ujJG3ULnZiCdSU75biaEEmjhacHpyJ,0:ee83d2a3d9dc66b7efbb2c4ec90a1d31bb940cb854ac6d64d0078413e0cb759f
286,EQAjwbBBEZLmKYKU8v6vZ1pBSZfadzzKedZ-7uiHJqO1Qrt6,0:0000000000000000000000000000000000000000000000000000000000000000
287,EQB-gwaBQ_m7syG0WEKwFA616AeLkb46mHfhrkXKtnNzwwIJ,0:d306dae2b858e328b4dfc55f44665a137dda99d70e46f84efcec074a3b55be0e
288,EQCcwBpyHfgcTL_LoD7lf0TP7qlguAprQue0E5puEwwgg_Xp,0:1afc7b9b6b86ba888520b83f7ae7d6fc6021d6fc2dbe16e2a3293aacca03f234
289,EQDrpW0KVmeN2f6Brc8E_0KbcVcDPgexYGef2bO8RCfB0ZpU,0:2067cf980a33549fe0f03ef2ac6b5d78bcdd4b7edefdc9466dcb93625927e0eb
290,EQBPM8PIDlS4diPUqq3mT0Sjb1sAfF2hyPVCoseZMy75la0B,0:6095d072a6e06234516ce01c2cda36444d3652ea90d7bbacec5cf50e680cd277
291,EQAqq9AT6an8KC7mpFSibD716_94_JARyPDWsXFkaDmBLp1n,0:cd248a91d170739d0ec8913092338b15df51612f7ce4b2a21360067353e6588a
292,EQBQphxID4FZAs_W013dGzHVtOhy8p68Na8-p0Hma6LQ65uw,0:0000000000000000000000000000000000000000000000000000000000000000
293,EQAR4bka-XQkzXKg3652TBRDQUkVLqaBCbbCuXORMpn_nuNO,0:288a70343eda256c1df0704f764171d2d4978e349614f7653b90bd53b36d81dd
294,EQCJbLz6LWCS2nMt-Fa5G1opnFveo05G3kPF0mRLuSI5pBP4,0:1a9b714ab7099c64dcd91c7ed2a28ffc536601d7955df0ce522699ca0b7d93d8
295,EQBRczzud0XJBYwD6j6Y3GJCxK0TVxedJ9sE41_ypi6nuV8L,0:dbc9753c9fac45a1cf765fdcfa38f5d6b5c0f6a8af6917ba5ece58385a2f0b36
296,EQCxAz0FzmboEAIEZCGXRb53Ph1BGSPGDoK4SYsENz0Ee31k,0:02760da8f64882a960dddafcef0b4ef3ae7ebf4855da6e00d1bb1c5bd225620f
297,EQDTZYtxVLxsNmfIushHeX9-gsgUv3yGDAVldRQF97ZrM2Zn,0:2067cf980a33549fe0f03ef2ac6b5d78bcdd4b7edefdc9466dcb93625927e0eb
298,EQDW_IMCE5vxSOv41f1LwM2uhkbM3D6NKYslfyFwixo9-TL8,0:288a70343eda256c1df0704f764171d2d4978e349614f7653b90bd53b36d81dd
299,EQD1bMbeHksB_ZJEYvDb4xBMSUuiA5eCayMaF-78Q4_ziO2R,0:0000000000000000000000000000000000000000000000000000000000000000
300,EQAZ3mSCCxo0mzPsS4azYuzFoNwrC45qAHCglL6VFCttOH6U,0:f90cb820a3e153846bfc7299f593c1901ba8c789d25dd9e8088f80cb9a0cefeb
301,EQBSIpMRpMR-2YykQF0duWFe3HZmgVG5wt3NvES1Lqc0CtSn,0:f90cb820a3e153846bfc7299f593c1901ba8c789d25dd9e8088f80cb9a0cefeb
302,EQDoHLl0u7jQd7JcyZ-tTnh06RtV4ebTmGW4tdeX13mYs3CQ,0:307c42bcd30ad814c3e374156b59c2bec79e0a74c0a9c57a22e36197afbb5ba3
303,EQDOWHfMDBprL3rEalEQccf1-MEy4dI0Cz45fuE7776eI_nt,0:a4fcd4a06f73194df4b55d6a83cda26eba078f3250d68ba1b42ae12b7b8d438c
304,EQDHHXU5hRYhKwHQCp-p-THnj02ccmpKU5gM6wluDSRz2W81,0:b63eba248d21bc113bfecd49aaa057e3b037891574855b4422c07f71fb841fd1
305,EQDvKjGRlv-f8PSVk5Ku698B18W_YNur43sAcNeciot2WIRg,0:0000000000000000000000000000000000000000000000000000000000000000
306,EQDBh8onOak4ebbzDTS9PHpqErNrvrAm_DNy4OrdRQN796_Q,0:f107e8ae224552092e5519ef406d70b2565edf00bf6c7b081c0ca1bc9dab94c3
307,EQBDop8A-wiejzJt1-b5turViy0mu5UqRInlJbbOXI_w3Ury,0:95444edff07d12a85360c5c63a7beea147ee240743519757c2df12770a6ad49f
308,EQCnpw8MOjyvoGEeQCfUZbwvsHzCqfOh8e_FT5V5Eh-FMhkw,0:1afc7b9b6b86ba888520b83f7ae7d6fc6021d6fc2dbe16e2a3293aacca03f234
309,EQCXlgGK9AgxppBWW2kr4XLE5XXbSHiVfg6qA7HnTIIOpjH_,0:59fc925025e2f46541760d395d04a3c72679cf10c6a5b3ea70e13d63479dfb58
310,EQC7ceoMIbL60HZGpKSWswStNJLeMQvAjHQopu7teKAW4hOV,0:2067cf980a33549fe0f03ef2ac6b5d78bcdd4b7edefdc9466dcb93625927e0eb
311,EQCetd41jTXXZUzIqC4DaCzPi5d-zAoLNQC3xxNzBOcLO0d8,0:0000000000000000000000000000000000000000000000000000000000000000
312,EQD1iT5heY_uMtqnIoRjg5-0xxO6O9Njo8I6UU93acKQwBVb,0:6cfdbc8c5cd9cd8adbcbcae69a738a2d340a84da6cc20490c7919e08e63db075
313,EQDVwASAIH9WZPzK2isdyYYPC-0ZOhQXM_x_kt-1IkGS7Wdq,0:f90cb820a3e153846bfc7299f593c1901ba8c789d25dd9e8088f80cb9a0cefeb
314,EQDlKPDRAwiPePBR-gpe2mSdJBOUjWZ-pRNUX-xomRFvJuBq,0:228f2321c080abe5cd11e92c3d1c714fce8017ccd8604e0fe73a7877513d294a
315,EQDToY7f9G-Op1Ls2FlAqrcC53RpCDIitqQSOuLUhaBt8a9L,0:f90cb820a3e153846bfc7299f593c1901ba8c789d25dd9e8088f80cb9a0cefeb
316,EQCVQPpia9A-tinY6GtTpBvimy7LjfH2Bys0kWcLPNmuzo8W,0:da16d311d506f0988e2e9ca5dd573d20f2a9b4066e6086e361dc4258d6d021cf
317,EQAHEX3LahlWLK51Q5z6UzWkb7n2U4Nuui0YHyRLLZcjCy0b,0:0000000000000000000000000000000000000000000000000000000000000000
318,EQCRVxXFvVP9JDnWvCtcJ6JX0Jf7OuvV5b2noMRxqoUEP3a0,0:6682146fe0f655ca4b7b59dc958164412f42ae69f38cd7e32f13e58e3127745e
319,EQCq4KLJdjNuyqsNHI4eiSlcuBdtFIbFiSmslO47aCi2yP6D,0:87a1d72ff3377c831d921febd553f4aa366928628c0cf7166fe88eafb024dcb1
320,EQCznYD5ooj2SaMyhiISG2chvfR2XBlZhnZc4rHui3WMxHBG,0:244e08eb1a76419f8a052908b16a8529af2029b051904f5eeaf225760b69a299
321,EQCEKpwpceDGmGbGlFgmMriZ8s81hyuTm2rm-rIPotQTmlUc,0:9fed171c72cfb8245230346042d0aad139adec61822f212972ef5eedf24787b3
322,EQA5udiq90jmELB60aTqKL9yzNV8K6-dIBdyzCc7eRqrqt6M,0:f90cb820a3e153846bfc7299f593c1901ba8c789d25dd9e8088f80cb9a0cefeb
323,EQAp8Kj9Ilj9QPyAKbWbz8FcjSzZQEpmKLBxFCrud0bfVKy4,0:1afc7b9b6b86ba888520b83f7ae7d6fc6021d6fc2dbe16e2a3293aacca03f234
324,EQDLHfUKRfP71KoQmg0SAPpE3Lf6mmc3OcCQl6Em7rbCKSKW,0:855451a673d698d4a1308cbe4f490a9a2dc7d1539ebd79d00cb9cbb1fc1fdf51
325,EQD1B-kn8myDrB5w48WCW283qFcW-PfZMya-Yo-G9XTM3XdT,0:1afc7b9b6b86ba888520b83f7ae7d6fc6021d6fc2dbe16e2a3293aacca03f234
326,EQB9jkdvk64U-bL3fZ4hUlLaebZY7ET2gdZ4yeVGeNdBCw0T,0:0000000000000000000000000000000000000000000000000000000000000000
327,EQD7gzTKRS6cBM3WtEPjBPDqIRhlIXuIWFB1KXkpyCR_-wA9,0:d306dae2b858e328b4dfc55f44665a137dda99d70e46f84efcec074a3b55be0e
328,EQAJ7UjKDudEYXUz5G-xmGWO4EnpHjg8liY4vlA-XwnbIkFz,0:696440a958c0d505e84a01c4c8788bfb05719dc5ad2e3863cf093eff4d909647
329,EQBtwB1Rzt9kiiewO7kQeipmbCzolyugmFGQjX9v7JPKqZ4g,0:d3790857901f3db61a08fe38b61c7a5adbcbe4f96b4e901603e34b6254db3964
330,EQCUcpoUBFwr5rONK_rTEEB-5ZzJSPXsxcRtSPN2B_D6yElK,0:c518062920edde72b699dbc063e671b928871b659a831219b2eb570509848880
331,EQC4eNfX5_Rkc9YZWkbTb910ljw8AaggkeK-zDzCRMKcl3jP,0:254634fe1378b69763791b0555f174e218b217feef61d6496ed855b2afca2976
332,EQB0xzE0WQVwFxberiQYUS8fVsVeIT5sC_fsw5Gjym4aw_N_,0:fb44f30a8140531b9732e2fdb510d46a12b7f9033425589e8fb8a01be430a02a
333,EQA85ZYV0EFnnER7Et7Su_nUqCD2W3Ec8ESlYbysKCi0u0yF,0:8ef1d9a0169b47c287b7b4ddd344657aad56de3c9e601172d14afe3cf2fdbdeb
334,EQCE2ajPVtqyFVMRGg5cPZC8zPy3sULkB_uQHlT1qxua4gYk,0:e8280a4dc310871b5d8896c61f179f82b3ccce6d7ced15c98f913c456f60bcd0
335,EQBCT4RG7X9TUpyHrosaobEWtTymSUsr-goh2VGpSkOH8NeV,0:e24ab187164a8cb01a3cc49c891f4032e42a43b11bb5ced78efd978faae6fcb7
336,EQAzTHSsWAuZW1CnAX6vsHG_4eC14I0ea-4REHtK20cJWFCM,0:2067cf980a33549fe0f03ef2ac6b5d78bcdd4b7edefdc9466dcb93625927e0eb
337,EQC7UgEGMEWC-QzZ8dwuekup-KaC7MxJPqNXnCpP7If5xOna,0:9d92283f99897ca6006e67174aa89d6f8933040ee458ae4ad10df3f5ccaafb05
338,EQAdIbmkXhD7Dq421udw4SjB0e5sAa7VKHJtWV19p2EDDv2F,0:1afc7b9b6b86ba888520b83f7ae7d6fc6021d6fc2dbe16e2a3293aacca03f234
339,EQDTmEkCYZ3vVl9SmvupDq0q1imp0TxgM-X8NmAeegFXnwTv,0:b02ab7383082c7b3919a231db18ac9a0a5fb45e4a57a64c5b7f1fbcbc7c2bfd0
340,EQBFWN3rATZB9ymkJe2ePS6Cq9xTpYuF52wvZ2qzl1Xf8fmc,0:1afc7b9b6b86ba888520b83f7ae7d6fc6021d6fc2dbe16e2a3293aacca03f234
341,EQDFvlmtnMGgbU5W1zu7rSd7BF1I5znzql6jDowJcC28v58m,0:eac9c7482dcb405a5cf0ddd50809ea83e5cfe7f3d612e07f1d6871299b340ac7
342,EQAfWW3D0ZoA7x6pT0Q-hGB6LjIH6_DIcK2Ok-HO1t34gs6d,0:c81f2935aa552f20cdc958b8afaef4b1ad28de86a4d1d41bc4589fa63cc93f4a
343,EQCX0XXMvXepKwwoTc2X8hrupeafdDnryf-_nVgDPbouown1,0:a019d2faa0e7774cde0242f574821d1a97a3a5ae290a5fc3d014ace87dcee832
344,EQDZjTt7oMtg866FzujZMefqVqc9qyFhZ07b8gN47CKt5WyQ,0:4e0c0b9d93dfc479e7a594f6a8d79d17ca23f5f3f2a92f37b754551ebadebe13
345,EQAJsRewWGa4Q64xxKBrGwF2NqADZGuECZ74h-axzO-pBg7k,0:4e0c0b9d93dfc479e7a594f6a8d79d17ca23f5f3f2a92f37b754551ebadebe13
346,EQDTDynmBL82nUjUbRPyHeQCGS5wbcujb-a83lR8989MT5zm,0:7366da609d37d4b2ec8b45b8453d6e1c259060b763142c7b7ff68bfaea27dab1
347,EQAR7W34TezpmLlEBw0x5zzewA0RA-WPBmUb8P6BaUpbqwO3,0:1afc7b9b6b86ba888520b83f7ae7d6fc6021d6fc2dbe16e2a3293aacca03f234
348,EQBTol7LY25sRB9YKphAjoOGL6Ksur3Iuv-sCWtaB8TEH6nN,0:4e0c0b9d93dfc479e7a594f6a8d79d17ca23f5f3f2a92f37b754551ebadebe13
349,EQDRFck1ufRY6njkjQN_qrNbaNu3q9ZOzzFKE9jWcDAvF1Y3,0:01d9667ce55c8fd4c35407da881c9c14de2030254dfa2c3de51d53ef46cc6e54
350,EQCEoAPZI67MyW4kvIs6im8jkhWXbekTwkwzPPuruQW0DJwG,0:48cae32de57800b0c78c4800a95efce8571028019129b166f7958b9ece019c34
351,EQCjUPGjlTEEi8GIHOB8xcpMsLAOk4Rl1ccfbhRIiJmkOPKO,0:0000000000000000000000000000000000000000000000000000000000000000
352,EQDxVgPMYBa3Nbb2F4c4VbzDZNn9Rfs69uQPr8c0KoBAKQg3,0:a3686bb2b3f670b9c1ac7806cb553bf5e61a09b97299a0fc48d9447b0b7631ac
353,EQAICY7J3dnbFqsdC-L3BeK_SWFPb4USMbhYbmpJfUa6FDAs,0:3a405d607a988cdde6506a73c1ee93172adc92377371b7f84ebdef7df94bdcbc
354,EQCzMTVzmkjz0-tEQewC6FbjfReRUvthaCLo_KkwTvNztqDF,0:1afc7b9b6b86ba888520b83f7ae7d6fc6021d6fc2dbe16e2a3293aacca03f234
355,EQCeXbPHWR2KTGn2XsbkmEkaLO1XiWbZz--PVhuaR2M2T-8u,0:2e3b41b8a866af768e47e3611ab688d4e5b18f0d06e827f78189e9e5f1cb2469
356,EQBZosJ_seZccMXt0_xF0q1Vy0o7mPkfx9k2_UaNnB1QIvFW,0:0000000000000000000000000000000000000000000000000000000000000000
357,EQCpp1twPpMAgaZcXjlVUdOYNzlBo9uIZEsNzt7NfomGeIkn,0:a3686bb2b3f670b9c1ac7806cb553bf5e61a09b97299a0fc48d9447b0b7631ac
358,EQDydRs8a__XqJPq9uj1KRYYg5p3uszNOCQBJzP-SND6tx1Z,0:2067cf980a33549fe0f03ef2ac6b5d78bcdd4b7edefdc9466dcb93625927e0eb
359,EQBCRgjVzx24J6grVM_0-ZC1WhJ0I9VhymZmRMwcji9Qvbe-,0:0000000000000000000000000000000000000000000000000000000000000000
360,EQB8mtamHPCc5kl0YHjgiROpEtoGoo3i1t3INcdMvOGPmvJ8,0:20ba24814af0961e161e50676b72702c571848e78b1f6b8a4ab003951bbc599d
361,EQCkaliiMWewRt3R_47JVGmQrNUp9zGp2yHt_5BnY8cNtmK2,0:429bdad1dc6f967b9edb3c27c04b50bbb12ff8276acba0e26b9013b45b01753e
362,EQCBDbdN5Ep6vUffxRK1l5A9AcHPjKE9WL5-WzA3liJ7wZ5M,0:1afc7b9b6b86ba888520b83f7ae7d6fc6021d6fc2dbe16e2a3293aacca03f234
363,EQDgw9QrnvOBVaEWxdMyMgKPTCWygHWIgkH-P-Luve6CBaUo,0:eb70075b85d535c6349ae0173d40f619b2d3d4db33c256fb120c5860e380e83c
364,EQBwAhJLVedaFMBEa_a38SKJX9kglLSLEH0i2pAGGS1tbI5E,0:b20f17c96575e1dfc3c9595590b8506fe97ac0048719d2b5bc722724d28143e7
365,EQC9OvICBJrzY74uddF44iNCMyLN4i7uOrqFORLHnW5BhMab,0:f5e8babeaccf59f9b1df60984dd29d51227996c198db5a8e886bb744207cab83
366,EQCm74B9tdMCFC6PaPevXpfvKJaOsiOmX0Vh3Z15jc0w3ogB,0:54949a1ad25d2b2632cdf70f1d83232086b994aa5b4917f455ba7f9f66e8213d
367,EQAlaiMVCw2UvLsN1U7xuDE5sIPtlSUkQRLF5dgkUi-mazx4,0:0f88687eac47884fecef06682bb56ab95799ea1489aee820e66e5b98abf06fad
368,EQBZ7atFamYu-jPsn6vj9jfBAkHoys9RQdg2Q8I2fr4efsB5,0:b064d3647ed89912d187a55fcf45ea817b1963a9c201aa046a4458dfb79d41f8
369,EQBngToRuZo7ZyW9GiUJpL-xj17jK5yf5Lcul_6UNr5G3ElT,0:be28847a3a2a90d48679631a588d57d0660175be6a898e1ffb32a828b795c00b
370,EQBG3DvJeMsuue_4QZewWiMXTNnbMORUlGOysSpIdd-xsp9M,0:01d9667ce55c8fd4c35407da881c9c14de2030254dfa2c3de51d53ef46cc6e54
371,EQDjFOMzMyxfZKpOKStXU3tdUT_pHgpxcN_IwATQBcp9do2k,0:5577950d00f869b8c4a3ade0ccc77559caecef8fdfebbe00203a505593c07c1b
372,EQDQm1s2wHn6qVpAnb3-yCJIJo-jWZjQT1tFd0igSIln-BhL,0:2067cf980a33549fe0f03ef2ac6b5d78bcdd4b7edefdc9466dcb93625927e0eb
373,EQCaPl3McJvABmeFjSTnSqF738VItFF28Fc2NHJPgmeq2FW_,0:438afb82beb03a6433d65c4963a04aa36d407a0a1b1bd8f21a74b26cfecfabb0
374,EQDve2nxkd1fhlSw-LQsBBlxxgnO4Bpzu_B-0Vs4uOSnnEud,0:1afc7b9b6b86ba888520b83f7ae7d6fc6021d6fc2dbe16e2a3293aacca03f234
375,EQAsfHOE1cQ7usnjfLuvO4YOwymh2ZMiGQ1RuJErHrJT9Jdb,0:3eac55c9c861518c0342512c492372790e3cf1a791563c357f8d82ab803979d2
376,EQDpdaeuOkY1ujIcSGBi0TqVT5U76uZ7xmQBhGK2AuMfu-3n,0:b4e335a0d30b259ccae8cd026efc63e00864b0b8c1606f5ebfff74289bfc6ce5
377,EQAzVeyQ8WKp-sq1wbvpipcpQW-KVineYitWdpgyo9G2sYlK,0:4da46c2da241e0ec6f6ba3f90f5527904d8d8324e7d8acb1312deb57d9be4834
378,EQC_kxQi56BVvciOqls_3Vmogadtc6r9nXxc6TVknIoNTY6Z,0:f90cb820a3e153846bfc7299f593c1901ba8c789d25dd9e8088f80cb9a0cefeb
379,EQDnLgtQaH7W9wVRk1sCndFN2Wdn_rK-CovWotwg3fXkIs47,0:d306dae2b858e328b4dfc55f44665a137dda99d70e46f84efcec074a3b55be0e
380,EQAUprhzmMVVK-ZVyokOd_kigcZwkroPWOcN3ZQ30W29C7Nr,0:3cedbda5d83911e143d1f7689db45bd9cc8c3e06857b83adcb04ffca73c010a4
381,EQDCiKB6K95GyQyw7AJ-HJI73X7qSkTfoCMhCrDoNl1PcLu5,0:ffb1a6a2f23194860da631fa80cc973f7c0e6f1980c252b283d11c4fddfa302a
382,EQBrqptDpx7cwn6S2gSvtN4jloagmRS-E2GkKyqejO19mMHl,0:48cae32de57800b0c78c4800a95efce8571028019129b166f7958b9ece019c34
383,EQBcskewuSqhqzaxJKPKgzHlAPaek6YnuBtTQfSS7_MYb8bX,0:bfe2c867527393f0e52db272388ea574de57581822bc970acc7a35b83caf063b
384,EQB60crQPw4q8iTiPEFIJgK7ZeG4w82xzLO0xMzznS3oSyUh,0:c7a880fc330b9ecb71f27c179e04a2c5f2e5693a0362bc260e86d4c589815d5a
385,EQCzxzl3ke0euspjrxaqD_3h0ywHKFwe4HzqhDdNAqK8F_hA,0:d306dae2b858e328b4dfc55f44665a137dda99d70e46f84efcec074a3b55be0e
386,EQCa8r3lV9r8QvrEE_ZF6JEP2-08PG5RRCFc02Okfak84PLP,0:429bdad1dc6f967b9edb3c27c04b50bbb12ff8276acba0e26b9013b45b01753e
387,EQAOcNbdFFu6Qa395VUYC6vE3iXRVt0QeUDjDdIxVgC-3kVe,0:0000000000000000000000000000000000000000000000000000000000000000
388,EQAjOYNBFoKiR_YO2GyyzhMo84YPfcTRiILXVoJ3EYTmLqeh,0:a3686bb2b3f670b9c1ac7806cb553bf5e61a09b97299a0fc48d9447b0b7631ac
389,EQC10D5Rx718kwzW7rh-pGDZ2e8Fws3-hlEKTSCqd8A5uGil,0:be17ac98a2c07bd5df74864e44535fc499824bdc289586262c8c6556b6bf7f7c
390,EQB-HdWiLe-ZnQQvGfne948thNfm5r7RPs2tjif3tUi2SBnR,0:9fed171c72cfb8245230346042d0aad139adec61822f212972ef5eedf24787b3
391,EQB7VHReIm_Rf6j-RBqWXMYZ9tw78k2M5_9xAWlcwshuKGrH,0:d4a830d512e3f8237007582e7256822bffd266aa2b51646cc95df1f34eec0b5f
392,EQBPcNZSok0M_L6pzklRIDiiDqMV2dXjQ-e6rg1HzXfauWxe,0:4e0c0b9d93dfc479e7a594f6a8d79d17ca23f5f3f2a92f37b754551ebadebe13
393,EQD-ZnL6LC_aQPcI721y-B_mzwKWtPT0JEmWTXb8PrD2JAXg,0:a4c14c539eba13707af06a0b92edd41e04486fd8638693ad117bfc857e32be2d
394,EQAf3gvd_dFUA46cV6lSb3rwh_UNqQ5qKeBwsJI64hrXRsdr,0:0000000000000000000000000000000000000000000000000000000000000000
395,EQBs5O6JQy6W9aHt01ipmrHmPG5yBYFBlNjyZKE5J0YzCKBG,0:cca9a94c7ccff54a2b55dc6c991822a523c6cd61195790da84a59d52abe7265e
396,EQCzDs2hs3F4AUrxWI1_xBKwO8X1-o0IVLiDCHw0ExSW8XUX,0:48cae32de57800b0c78c4800a95efce8571028019129b166f7958b9ece019c34
397,EQB7bDuv8TDaisAxfYwyfkYbmBoOWYYDiPlcY0GyLZ12Uzbh,0:1afc7b9b6b86ba888520b83f7ae7d6fc6021d6fc2dbe16e2a3293aacca03f234
398,EQCyAFBgJZ3overI1QaRUhLfRjcF6m69eMQ_Y--DfAMrM5R8,0:0000000000000000000000000000000000000000000000000000000000000000
399,EQC31DeyV_Lb7IisUx0x2yP9riYH7tK5p_d93FWAN7Gf4DNX,0:c74e6515545b454c0f4cc8cbbbcb3fab7b2fa8544a0c7d53be7d506e90e98cd7
400,EQB00DR0hgq49UqfKJSIkm7Pf1w1R-iCfSpRQjc2_60s1l_J,0:1afc7b9b6b86ba888520b83f7ae7d6fc6021d6fc2dbe16e2a3293aacca03f234
401,EQDMueWomn3Kym3LNPDBBJZDdChy94imdJ70WUvOa8ZsvUhB,0:8b780a2b183c2de272cfb06fb44a8c8d384631a6620665843d21bb65f1e77a75
402,EQCun1zfxDyie3R5CfNIxzdd7ELClODzIoFdOCTFWogBNOVU,0:cf9c8a84dce19e6443cc0b6ae6a4631f26fabbd04a1c8b3604fde8dfc5c5b200
403,EQAfjATVIdEhsU6V1Yv0xjHG6W21PfIYkocV2bW7NN-N_7kj,0:0000000000000000000000000000000000000000000000000000000000000000
404,EQCz3yb6CSuHxpMw7TPtmqI8cclJ6DUGNBef20mlRswP_QGv,0:1afc7b9b6b86ba888520b83f7ae7d6fc6021d6fc2dbe16e2a3293aacca03f234
405,EQAPBKBSmpjXSFbhRxPvtztfSDt0sfvVNcxEluRMQHhOHTQw,0:0000000000000000000000000000000000000000000000000000000000000000
406,EQB6s314vt8NtuVFrqpvnoBCSV0ZtE5k6a6Vn5FpQra8o-D8,0:d306dae2b858e328b4dfc55f44665a137dda99d70e46f84efcec074a3b55be0e
407,EQCz6XyCY_aKZo0raeAu6oepBScj478-MWV0MpfTZMgjBTh4,0:0000000000000000000000000000000000000000000000000000000000000000
408,EQCMU_PfWB2X0Vkyj3axkWqAaxJVLg3neKBR1W-3e5XYDgbU,0:1890d4fcace799b45d37474e9f9af153b734ab8b04da04a5fc3ea1a10bb12ffb
409,EQAigxsvKrU6dCUC8rsC2yt1HXmjVZ4OdDsffoB8fZNhNqp2,0:805f2e28a7a9f7cf244932d5b1f45683af96724fec5db1434dd3f34946b25636
410,EQCmIN9GNJCTnlCf2dAQ4j1EByQcgDsktwQJk7R6POiyk_3U,0:4a5d2e4f4a64faaef5cc587599e2cea7d559247ff2eb16c7e7862eee404686fe
411,EQAphAtcacv3fXFfPep9Ik_p_LPMuacyZpcZVponV3_XXOef,0:0000000000000000000000000000000000000000000000000000000000000000
412,EQAQUZhqbsxufSwh1-E_zwkgSIqeJtjZTm9wFyw1_r5uNfHJ,0:fb44f30a8140531b9732e2fdb510d46a12b7f9033425589e8fb8a01be430a02a
413,EQCdJf3LTiBRiwAWPX6aI_KMTg2vZg7YKm3KJ12oL9EZaeh6,0:69e8d4b0405f51c6242866f7aae933f0cb8ede63b4962bf5d9768f246835f779
414,EQDnXdluQiORsEi1_IvEf1gbd_RmO3IFgWeeJIjXs1Ctsp1t,0:be28847a3a2a90d48679631a588d57d0660175be6a898e1ffb32a828b795c00b
415,EQCHyHnjnF_Z1eX2SWCU6ioKdLwqpygu09FRGTxHeYmXE-9P,0:a4c14c539eba13707af06a0b92edd41e04486fd8638693ad117bfc857e32be2d
416,EQAWabr9YREv25wBZ72jMv4uzYWMnYmRp0oDDjTCmQDtyk64,0:1b8b63982ed68d48f8b6a44f1970f12ef64385e19a63a0f037df24683cc91acc
417,EQDuLhTmyswws_8Rb5CErL8vQ8O0kRC3YlZrCVv8jKUw4URR,0:4e0c0b9d93dfc479e7a594f6a8d79d17ca23f5f3f2a92f37b754551ebadebe13
418,EQAxNAfdmRJPRTGoY1c9WTpQ3pQ5FxruPxp9Z4_75RNMxepY,0:0000000000000000000000000000000000000000000000000000000000000000
419,EQCXlzGsEgaMfgFt4WZkfMFW6t3fTMfLuz277qn1Mhoh7CWe,0:5c18b184d1de5feb6d80b46b1e5bfa704f7f74e8f9497c8fd89a637ed0d7305c
420,EQCULVhbWUq12LlG0ulVhEWL_BSOWZR-V_6Y9J9512wTq_DV,0:2bc97d4423607c1ee65edb4f3b1d405cec729fd507f602336aeab324ca92f64d
421,EQAQdWXR7nsEiW4m7u_hxJkOJnfsqDu9A-cn05ej89_2drsf,0:1afc7b9b6b86ba888520b83f7ae7d6fc6021d6fc2dbe16e2a3293aacca03f234
422,EQAcSsqyrUqI8fvW1M2BlD84hKaL_YmvR8aDsJTqhJ8nJukF,0:0000000000000000000000000000000000000000000000000000000000000000
423,EQALmESwdkKXlQAwi4GxovHohevy_VLt-x97YlZWiO36kDRP,0:69e8d4b0405f51c6242866f7aae933f0cb8ede63b4962bf5d9768f246835f779
424,EQCMybt00Hs9ATly4lxdVDnDyqy6R-lPCdxM3hwCIZ_H9mnY,0:687c747ed4af9878e10631b175ffd663192ae19514a28cd8c5d046da43eb9ae5
425,EQAZnmSorGRlnBMtCgugf7AgbYfvPawYn-QOEERcCAsRTD8G,0:0000000000000000000000000000000000000000000000000000000000000000
426,EQA6qoRZNVUlHmhaVuIgSn7k4gVGVwIatUJhz-huHxd9Fe5b,0:69e8d4b0405f51c6242866f7aae933f0cb8ede63b4962bf5d9768f246835f779
427,EQBCtbxsjNc9Pca7EfJsToSVxSbI_wJGb_zcmTVO6BG_FiZQ,0:03a3e401f74cee93a7ad6c2460e5f2747b5c197821b96ab2b98ed5ab2b88fc5f
428,EQBVZ5bSPHVye2FRT_8OC-_kxeHwERsyxHuP9XYKiFgAAqir,0:3a405d607a988cdde6506a73c1ee93172adc92377371b7f84ebdef7df94bdcbc
429,EQDHKgf9aNg1kJFPUDOCpXVts3lixs06KMqXNdABZQ-SvEfK,0:53ef9b816107b6622a485bf83b0af50fea3b80c287cc06b433134c594c1a4603
430,EQAG8DkYSmvJljpCtsI3sLaCKBSVV5PDvymvQo4p1rQc0EMm,0:2c0dad3c18f4161b8e7a18ee10c413bd527a9135a31d30f57e47fb9440884807
431,EQAsziX5sqvrjXSLOjxcgS_POTWAe5XHTTL6HtOhVSPDbi_3,0:69e8d4b0405f51c6242866f7aae933f0cb8ede63b4962bf5d9768f246835f779
432,EQDOtAFM1j5BbY9RjDoaruRxw1sATBbct8LD9c4oKgz5OO3B,0:864e9537f531959084da8cfe20ae8f4bcd92067d3a30bdc545561e1a86ac9f35
433,EQBHYa2QhZJR7sS1lpoH5HwP91D6x0BzmdTGlFLw8ESRwybN,0:0000000000000000000000000000000000000000000000000000000000000000
434,EQCGMsJlJsgjztiuIeUNkAFPLyrK2Ha-dNQxri7dQlGw00AC,0:0180746a9a4655e0cfe1420582fe75a4e9f03d13b8af18de7fb2d57f03b86538
435,EQDEgE5ySnHWQ0rjsSlHFM7GcZlxoUalsUFpN1qQTqL_-qkc,0:f90cb820a3e153846bfc7299f593c1901ba8c789d25dd9e8088f80cb9a0cefeb
436,EQBTANVyPQ8L6b0kyv4Cg80K-hpgcsXTrSOnZ6cI8dF8KveW,0:f90cb820a3e153846bfc7299f593c1901ba8c789d25dd9e8088f80cb9a0cefeb
437,EQDlU3BBrEZzYlQgljPzw21V8SkNMiV6zoA59vLwpKsAd8kT,0:f039d1c957526a313eed1508f5a07e0dd96a9694d40f493003fb500edb6c2877
438,EQBpbtl9UTbuBHDsiuZ959l9vkNc3FKBXUMYNPdWAcw6vuAK,0:5ea98427f0afdb943dfd398176ad8181e39a620aec35dbdb3a198dc8473774e7
439,EQCzd7UzcZbBEpXxhUnktAEpmt8XcywcGdPPqfWHlOp7oLEG,0:4c6b80aa3bcb4add20124c101a36076f5faa000777d34f252f6fdbb3c2a774d9
440,EQCdCJWkqUUZdNJGqSBWhFPKTycyVJo35yKWaIjC9AoTQd-I,0:01d9667ce55c8fd4c35407da881c9c14de2030254dfa2c3de51d53ef46cc6e54
441,EQDmACjG9vqxphosM4D5BQZcOPkykYFmC-NJG7GEL3xk1Fv_,0:3b19b79f793d22860ecf2ed15ad0502d32478eab47aae63f1d5a21ff87881dba
442,EQDma8I23YsH8pEh1O02B6o_XsXwUXBvvxG0bi_CQu6RwvfL,0:1afc7b9b6b86ba888520b83f7ae7d6fc6021d6fc2dbe16e2a3293aacca03f234
443,EQCdxvyCkz2dkXH4Yt7unhVnHtSujrbNoJKgrneRhwagNS34,0:a24cff08de24e778a5825b1ac0d983f81dd351ea072070045ebe90a92b882ed3
444,EQAusp4vsZZDK8vUcaiNPTgehjKRpo26KuQ0wTJbVItBxbth,0:ef59011341054972e9d26f4e4d44a86adc51ef358659a6b060fe5d74cd9f9793
445,EQC8lpP1g_32gh-lm7Nbwb70hKZVIYxiVRru6_qZ7ebfqubN,0:cf9d761bb19728193dfe1ca4c3c4375bb7c1ca6964a7f9811e8c157c9531e223
446,EQDEdkeA8y9qEgA-kEqc03xM09stfsFWTbfHm1qbr0lDi1YS,0:b08ae6d9a965a20ad8880137d12c7e8e3b9e76be0ba53bec2be99e7d59147a64
447,EQBgid-mPDmEGl2Hr-FsDqPzEWXCvEwYp2Ilv_-zi4rBc9Dj,0:bd052c79163c4cfc583c7b4e47812e2b9473e41679c795c42516b2b277ff69cc
448,EQDP5Zq8fgonJtjXvAMT0nbMMvXRyKekCre2YMRG1w8TWQ-V,0:5f0ece66dee8b2925d52904b5cb140fda4d1ec26d2ff3e08f8452b36c41406de
449,EQAF9GgrSnNwzQlqsj53j7xDCCMyz4ZWOCzr-VOEsqKPY6OZ,0:01d9667ce55c8fd4c35407da881c9c14de2030254dfa2c3de51d53ef46cc6e54
450,EQAtYKdPrXRLD43i7EkzoGbkoJTkh40NS1B1KmJOds-hfmCl,0:d58ab5b002e43328b6baa8df8e08f2e6108ef3f17455242d359c5259f2b945b8
451,EQCo5bZmI9zvNRtiGfSXqGYJtGvfCOvYF2bqoK8llCwe9io-,0:429bdad1dc6f967b9edb3c27c04b50bbb12ff8276acba0e26b9013b45b01753e
452,EQAEDa-RdqP5ez_DZUv4dBycegGrl79tkzNxvR9mwiXFply2,0:0000000000000000000000000000000000000000000000000000000000000000
453,EQCfC_2afNk6dEgDvbPXrqvWFh4LmQaywaO50yQAD22Cf636,0:0000000000000000000000000000000000000000000000000000000000000000
454,EQCg976I5X_xPWGxTCQV0gUB2sw6MpSR_cbo9k4rrR7KkO5D,0:95dd2aa2bf482cf57b93db25be07c26bf1a6e9f04f05f7a96426fe6c5e8ce764
455,EQAg8kNwHHxOAf1Ve4RW0SGEIYIpgi-qrBJl_T02-b7VhXG9,0:1afc7b9b6b86ba888520b83f7ae7d6fc6021d6fc2dbe16e2a3293aacca03f234
456,EQB_1zOjm7QNowFCrW8DsMr5zWLFy65y3LTdk8Hlvo6gZENJ,0:426a27e52737083f88c751397ded246230314ae46611e90077a4571765b769d0
457,EQDMatFVPfXFH0_hDKeivSN-Eg6NUiR-YhOCCSY5BjSO_AVV,0:7fd69a9a1c449cfc209b3cd4e6dd649c61ecd3851859d6c7220d0535343f8269
458,EQCAg1vYyQ3O_va62C3JhcmM4-J0nipdXdT3TY_pSy-J-F2G,0:e52e37a03aa2e5f695bda66ba6e23131ffa0a26ec244e9f2ef14155a94c97a51
459,EQA22kKWab-OxSRRf7i0c7Byjta3YMBiYW85vsJRUhm3WEMf,0:a090099aa17f16b0308c6a4c3703097988db718e1fdba2875df46bab02ef328c
460,EQCad0nuQcAoaJpd6GyagUeXipD0vvsHXOGLrsqTuKwJ6NzF,0:1afc7b9b6b86ba888520b83f7ae7d6fc6021d6fc2dbe16e2a3293aacca03f234
461,EQA1xtJJQ4N2eR4kiQQ9u8HM0mMGVyQClaby0Qpdz87MYxrH,0:9eeadd6a1d9c11386b864f9d94053f2b7bde3d9618a0aa9ba2be9afdaf7d8fbe
462,EQDE9lg6ugL0teWrMTpPLAb5_Kq8GM9UVUFmt57tVZCbXI9m,0:1afc7b9b6b86ba888520b83f7ae7d6fc6021d6fc2dbe16e2a3293aacca03f234
463,EQAvbhDChGTDzbdkpcIrQouM-SozxeDwEi3trWn1MNKQOooH,0:fd1b211c9c4951fe7209580625cc7b1c6f2143c196e36467b8abbe48f5171ae0
464,EQCkyyeUTc8Oq9cjuytnKG0bUGfJH3ulIv3tARKrokpqTC8C,0:27d3c3bd98dc2cd7d1403a31085c24b1b92952e5976b0c151a5a908d8f91e54f
465,EQBIf2vPWfmfaqzhfm0--BjPVniN4LX9AntghAihpI8zmukw,0:864e9537f531959084da8cfe20ae8f4bcd92067d3a30bdc545561e1a86ac9f35
466,EQCEQ5BusgEED6udGxrIPYtn4cl163PsnCvUBWM34dJ2tUEb,0:cd38a2dd975069a209e0555bf084187e7e7587bc6857f31f03b4a263146af5ed
467,EQDa5GgtwdV1W8zTTN13E37xUnoGAaBU3kw0afc1AC9Cs5Ss,0:ee85e6f835a597a412f0d1aa3db462b56299b8b333997fee1e723b0767fa6c99
468,EQBLnKzLXren9mhY_v6lLjdqS0kbkNEKZ1qVWbTTYA0ufOsg,0:e3a61681fcf5ad4b5be66eed6182d66f6ad35a150df137dd819c1532b57bf7d8
469,EQDzev3z4dTRPGVE6GNgBv2x2MukbCnE0_apkwADohJ6dBZU,0:2fbf521077dad99073145fb481edc62858972bc30231a4606ec2466809c87728
470,EQC17VXZTqxJM8eJbkkpxEbIpqBKHE_tkdHYVlEVlRmrdHBs,0:1afc7b9b6b86ba888520b83f7ae7d6fc6021d6fc2dbe16e2a3293aacca03f234
471,EQCn6iVIkvYYGyuUQXJTuhSK1Chc0FAMrgd32LoyA8VL_Y44,0:2067cf980a33549fe0f03ef2ac6b5d78bcdd4b7edefdc9466dcb93625927e0eb
472,EQCo810FnGJdaWRbwMoNIktLO17dxUTaGhbO_uJMPOQ5DwjU,0:4476580b5c20e48b5f5dfa5f1bffcc594aa50728a68e09fa078cc217ec96d825
473,EQAsn5mKipBUAVdY3bSsY8ejDi_MC8p55Vor43N9zPl2uTwy,0:b20f17c96575e1dfc3c9595590b8506fe97ac0048719d2b5bc722724d28143e7
474,EQCS6GF60ER7-WgvEo7rAniql1PYuJmXBcQtd9taRt-_6unW,0:0f4c96be1c86638400920b37d0b2a8d14d3a2599ca3d68ff7b62be777a7024b2
475,EQAtRhwZg_1Kd7M9fYQfLTMkFs-kHvKGtGfymPmgXaIY31Ou,0:9e4abfe97a28093fcd441e79804316dc9b265f83fe860b7e22cac469cbcbfe1f
476,EQDS8IVXVUGKklY5f6_OrW-SGEqZT_-bAFyCH57K1YD-8nCx,0:0000000000000000000000000000000000000000000000000000000000000000
477,EQBQ66tJXZ0-ALOsSm1Fhv-WL1afcezRxmkb5278oa-F0so7,0:266921e8a274580db4d6a9f403a0375c712a2ce7f26634bd1e766bbdf8a22637
478,EQD6_xykdLfDfO_K1dBK4eIsmiYdMxFXz_kEUSW63SZTUgq0,0:b855040a3d3082b1347a12dc1d115e1270472cda85da92cea8b24745629ddc4e
479,EQB8QPba4O56lpK_PeWze8UA1SX1xpOL2wiE54_XDJs5A7Ge,0:e9bb4292f5eba4df43832f51499b9fcd1bc010511ca9664ffa27b8541c308ed0
480,EQAkeSA0ZHixOSe74ijNSEVj4pC1McYDmbwLaQLJ7s-Aj3C3,0:2067cf980a33549fe0f03ef2ac6b5d78bcdd4b7edefdc9466dcb93625927e0eb
481,EQD3t4gZaJJoNqcv2aR4gP3YulWoGYFF-csRmNP4fhYp662O,0:d306dae2b858e328b4dfc55f44665a137dda99d70e46f84efcec074a3b55be0e
482,EQBG_twp-wGJv6TuFnAB_HJUrWGjiRjw1-q9B7o_ml41MRWN,0:349847ac3d1f747c5fa2aca0b2913ecb789abbb3cc1e952d3f8fb9ab636e264a
483,EQB9cIh9Y3yQmLEti0TFZw1zZrVH1ikjJ88VEnpdn7yehs6h,0:ffb1a6a2f23194860da631fa80cc973f7c0e6f1980c252b283d11c4fddfa302a
484,EQDyP9n7uuA20neguHJGPe0adBwtLLI9TbCiB-0OIjsdQp-9,0:f1e2b061518f818d0c9d31750d5b9b10c8de421aa3d3c5be22f817bf2dda2580
485,EQBK6QVToL0pwPo7-eKqWuYQCuOElA-omb2a_kpTtCv1Vsft,0:f205ce69ae3e1fb24e57540e313bb4db62f936f4d9272345961ff70b63d56244
486,EQDwq2bkTYHlCL4b4DZF54Gor8QRiDcZcJlJdXH3lu1MwwNT,0:d1fa91b20ae2f7196fd904814fb2807b6a888619e32c0cf7e86df5d847531723
487,EQCv_XHdmwIpC3WgctrUpJGHGxCFUw2gvsv__zolkBRAe5wV,0:f90cb820a3e153846bfc7299f593c1901ba8c789d25dd9e8088f80cb9a0cefeb
488,EQCVQ5qEKii4yKC6QDu4efeyi02TSysO_oXVpM08HhmqqEbs,0:864e9537f531959084da8cfe20ae8f4bcd92067d3a30bdc545561e1a86ac9f35
489,EQAnz_yOYtohrQIrrDSjZJcgnLG7sv6_B-OUGo4OJ9RvXvkF,0:fb44f30a8140531b9732e2fdb510d46a12b7f9033425589e8fb8a01be430a02a
490,EQBgHr1p2bo4II8wNQnt2nm5f4zCcBp04x5MdYCmwKnzl92B,0:d1cc74369981e300285eb364f1843acc5d3f77cddb7886cd6d23eae74b3e5587
491,EQAMMzF_0jg-wUwNFfbYv0-OsHXo87rPF3EhP4qL2vPzpEnV,0:cc2a6ca5cc794bc8e62fd25dd08280b0db3c68c90cee080f35f88f6d82debaae
492,EQCEO4mBTY3Urmp08uHZ7z6jBsrrg1xiEXAQOhtASCB-zHZV,0:0000000000000000000000000000000000000000000000000000000000000000
493,EQCI9nW5H472kV2Uqiz3EkWjmGyjtFp4TvFsVkJOqb-NS6zn,0:69299175be6a2c066a2c1011687142dd37a9860aaff77376ac76b73be02405a5
494,EQABvEUdf3pekob_eo2wH_lxQgisSR1mdVjnjSaE3p5ieeYn,0:01d9667ce55c8fd4c35407da881c9c14de2030254dfa2c3de51d53ef46cc6e54
495,EQCKlKyrNsGrVuEyqc_Tpir_XZbfe1Ix1zcyBsdFfTn0FZF8,0:9cb46ecf51b7fe1a0d16465d13d965fa0a349a01600405b3eff7290a9008f4e0
496,EQB7T69HfiMjnAwQqvXi1hvehwD9QW36PLv06jGYhWtCqiHW,0:0000000000000000000000000000000000000000000000000000000000000000
497,EQAuYfWaqIG0uN9YyrHdhFquKT747OAgK1tEEwa_SErPSzSl,0:b20f17c96575e1dfc3c9595590b8506fe97ac0048719d2b5bc722724d28143e7
498,EQAwN2xuJnG8VeLVY_ds6iyponhzWNvuyruWRKvW2IWJ5NGR,0:0000000000000000000000000000000000000000000000000000000000000000
499,EQDgXF4vN34UlJAulEXhol3tNx4R0kkutBqxQVcp7dGCE2Xs,0:44096e25b6db5d1293569c9540973c9d9e0701fcc11f99c6672aab5534eccd6b
500,EQD1DQ90mR83lE2lilPeWOKxQWCmRVjdh9paTTaaUm074FkT,0:a8afbbc6ea08a7053541cd1f3018199a7b99d45fb3571d066421c55f304d8e47
501,EQB_lkYWJu2pxyLFtgJsTaKNu9s3IL1W29_SkDkIqXnH8U5M,0:4c388f579ca89bbe942110d8a62ca4b5b53edfe3da8e23e82b0904d1f00fc968
502,EQASvqQ87KP1WymAEwBPQAMc57Usa7ErPMmvg6RnPTYAo-u7,0:42888797d15a7246fe5f9cb321c4168d81417cc1a1f13806944657fa4caaab57
503,EQBRWlfOjZQEY5dWF5QtqVnC8hNpJoRKmtdk6i2KhVls2NGm,0:3583e36b24481e5a896d292d2182f65654c73c41afed4673ce50fb9f4f208aa5
504,EQARWoIYuH3lbUFVcl5vGQ-RRUY7vPJaIQ2-T3ITKhdZsmbM,0:df4d78fb104cf22353277e22ba7f1539886e9d01f3e825f1d2f4f107eb825ecf
505,EQBti28ub9SzezWpqF8FmQwliyjaxnsY2VeIgAEx4mVAe2UW,0:5d73d46431b1a22eb361b0a5bbabd9d91962a8df45657981b22067d4cab1809e
506,EQCRIhbY03UWO9Bju4V-gXRgJcctatYXyG5dRj0m5gBA9jpw,0:c6ef49eae34de9a2768bc6a1b0e91fef96188dbc4bf2171810d5a85de532ed82
507,EQCfhj144pTMH-SaIayKLmbdAGrIDTg5-EhyhAqVG7kcaeXU,0:0000000000000000000000000000000000000000000000000000000000000000
508,EQB1uOc-hieChtbqQIxSJKBrpIeyZU8VZ3TBOa6iihVOAlFz,0:6fd27096b4690264db486d359085ccc8c6e59fcb31e0f16787f7b340901f2a29
509,EQDfLa1gGaz_3tYfGXBG9C0jXKf8ci-h0i26-6pVH7CVmSJY,0:0000000000000000000000000000000000000000000000000000000000000000
510,EQDjaA_W0GTqLNa8jD0Q55YiTZNMX6GwPqqAzbiDg3unnrcJ,0:96786d78fe856e618553d3ec68b2abc2b3091613bc1be63af81253bbde05eacd
511,EQABCyheAHJTUw1aH-KM_Ib7aNvnCWvtQbKfuBON-4fCplt0,0:f90cb820a3e153846bfc7299f593c1901ba8c789d25dd9e8088f80cb9a0cefeb
512,EQCsd8ZctV5MXqNs5O6yaf2tqunBT4HWQ0XQHYYt209j_9n5,0:ed769a34668b9d1db9221651f4f970d3555454f484135c99ed3fd5865b3548f9
513,EQD3mSsCdsX3s1UceK4fxyWZne3DqIgIRW926PjY3s-o-JMF,0:be28847a3a2a90d48679631a588d57d0660175be6a898e1ffb32a828b795c00b
514,EQAgusTzMSB5aXITFMjCOPc_PQwm5eluHKvjqcu93G5NRiuo,0:d69ed537f4cc7004e7da915cf149ef9e1fddc221dcb9f0ccfd471e5c9b6c60d3
515,EQDzeAdNFZUYE0XYOP3cvUJSNF2hp9drsv2-ed5xREAu6tVy,0:59ec0b11dea09f6f9edc0375b231c7d6cf77b4ae2aca7a8586ae1ba244e591c8
516,EQDvbnKR0crKTTuvespV1-PwoBol__VAy_yknNUOFynPnjzg,0:1afc7b9b6b86ba888520b83f7ae7d6fc6021d6fc2dbe16e2a3293aacca03f234
517,EQCsZ5Dms4hQnYEGd9k285sSKDXSOFGjZ_Pg2piwTdeTwq0E,0:0000000000000000000000000000000000000000000000000000000000000000
518,EQCowrfNnCoHYkR8FOjsfBGVN7_4f5ssW-Ita-w-UUyju0kJ,0:b20f17c96575e1dfc3c9595590b8506fe97ac0048719d2b5bc722724d28143e7
519,EQC--h04STKDuY9d4b43fBQ6fuTrrOjML-6RKV7kWbjipRZx,0:f59a38af28db24ada77c15057c52d3400ba6b2301e5b82feab62684e71228f2e
520,EQC0EddA3ogPzMkSqA5VwfehrcUTrigKkmq580muZYFRK_l9,0:0000000000000000000000000000000000000000000000000000000000000000
521,EQC0uq91A39vge3DrxMIyHxQEzM9Y3PiuO2bxCZUJFfQYNc_,0:01d9667ce55c8fd4c35407da881c9c14de2030254dfa2c3de51d53ef46cc6e54
522,EQB8wvjtjfMgDcfXkEcJtOWIVnx1Acr0Mt82t__2mBmaQRtt,0:498714b8f82e6c95db1beb3ab20243e756c9b935ccd0511d59d0c66732afc65c
523,EQCxqPQxZdgI2-995-giKByVmfpKwYIN01AIG5nMtntrb_K0,0:288a70343eda256c1df0704f764171d2d4978e349614f7653b90bd53b36d81dd
524,EQBasmQnBDactOZ6L4Jwc-xasDrSBL1Mxb-fPALjSgzelgU7,0:0000000000000000000000000000000000000000000000000000000000000000
525,EQBnJhjj3IxLXvqMiqjDlZp854z8YNZZ9gT-Rpc7RQ0g2o90,0:df4d78fb104cf22353277e22ba7f1539886e9d01f3e825f1d2f4f107eb825ecf
526,EQAZWY53eoavzbER9lDQTUmbasP9zvm00Rw-zF_0GpkyWGLJ,0:ef3971cf298bffa977ad36d8f3e9a13531bf610a8a85f8f6c35a11a42c93d8a1
527,EQC_QP3Udixl_AeIxoz5fzqglU7k8ocgA_fYKdU0BJ6iDnsY,0:d4287615bf7c6f2d531e0a76f53ecbfea37b2d35b6ed70389d2520ca64b06a65
528,EQCdiH-9EDDFt-1RTOLJ5DFnbMUvOmcq4DcW5WIHondYp3tA,0:864e9537f531959084da8cfe20ae8f4bcd92067d3a30bdc545561e1a86ac9f35
529,EQCpQNigX69DoWSk-UoU2DX8GVWBHOQaI_8uom9_Exs9CIHV,0:c8088014abc58ec085a8e937bb4ccf0c6eb8eb07373c1767c965d0f4152ff21f
530,EQB1nGmcZF2hi2OgNd5_bX0WXr00t8Fiv4d3vZMVfR_-gjYy,0:108f9e9c9b254359bbaf6ca45f86880250052d017577482738617357686052ef
531,EQCNLLib-dWgY3cEZ2BqdccocASl-fpWakVyxumg2_fQJqyg,0:cd38a2dd975069a209e0555bf084187e7e7587bc6857f31f03b4a263146af5ed
532,EQAhayYdYjOcJA3Qr96WEF_SbPCAJsyvuXfDg20MalgtBJKc,0:5f0ece66dee8b2925d52904b5cb140fda4d1ec26d2ff3e08f8452b36c41406de
533,EQB_JhSiI17JKOnn7FZK_pu-lim6qrKHZIsi_2d20p0M-dUH,0:510d8621015ea688e8f7f0400670e735b863e8abecfff21deb1f49254e9cfecf
534,EQACZsAKsEzHuOn4OM2JtmSJJZP6z85-qWbftajH6rUvQDgg,0:b66bbbc4fe597969fb6a32065ba5dfe4772fee37c739261c9fd09f949076707d
535,EQDgf7F-tP8BmJ02HswbXKB0YzkpWSZEmNkXVOmaGKPhr2RV,0:b54df28e4f54f8ee8b14d6a745247aa68f794a2931e048d32d17d78f6959615d
536,EQAL5RYa5NxvqTUMlOudi8OQZyRHBHm96LtTC2yPU4g3jMlI,0:c96c20d761088a53d91cf023c17512dfe5b61ac993932fc5d057e3834f5dc401
537,EQABZAC-11GnZvakc7-r3oPb11ltv7iVtg-2PUKSPBt_1VU-,0:0000000000000000000000000000000000000000000000000000000000000000
538,EQCDEU78_uJVezH5fpa6UEy7In_Wl8j5dR0siSpdUfiA1sjE,0:0000000000000000000000000000000000000000000000000000000000000000
539,EQAcM0RsjWxK8i-xXbLm_GYHrkfI_ykKz2n4EwhdddxaWMfr,0:2067cf980a33549fe0f03ef2ac6b5d78bcdd4b7edefdc9466dcb93625927e0eb
540,EQC3GdTj-lpZm_5EcPBg46OLYeXdS67P2NUgvn6PMXkMtqrV,0:a4c14c539eba13707af06a0b92edd41e04486fd8638693ad117bfc857e32be2d
541,EQBmmCGgf8YOonrXSbhSJoVvTziIzd5NghfnySPhoQ2__rCm,0:1afc7b9b6b86ba888520b83f7ae7d6fc6021d6fc2dbe16e2a3293aacca03f234
542,EQB5bN1MsmYerxMe7FJ03ZpCvVQH7oIajt_xmwwVciklTdC6,0:864e9537f531959084da8cfe20ae8f4bcd92067d3a30bdc545561e1a86ac9f35
543,EQBzxSklFZRcKh4yfe1m3Yy5-9TgWQ0_Vmx5MofrI88Xy3qP,0:d306dae2b858e328b4dfc55f44665a137dda99d70e46f84efcec074a3b55be0e
544,EQDNpDW-4Mj5umY3UPSbZGHZyix5euUP11uMAb5Ux4kI0vdb,0:8df452fa596fcecb2bbb499124cf5a8b79e63e96a54c871cf23f67091a5b659b
545,EQAjrD2ahGVP_gm3Hqj2z_FM0U7mH0emlniqxV0KRxWffH7u,0:19029bb34c372a48740c1c706c03add4c93774c720892f8be9c9b5975212e27a
546,EQBp3n28PPK2Ezbt2dXYGsFSYs851ieUkMph2nUrLivMTI0w,0:c11f62c75d0301d5b92bf04f2d8b3d966f79924fcd8118b235d968b6ce9702cc
547,EQC6PMx94TbIqdAidZB81pW5JnH8-1aRkPSv65LGCeVGCKR4,0:e2e0df769417a45b1cca1ee49255380fb413c7337cc336b7bd48c4e99095db66
548,EQCROQZI8lg08tks9ZEiXx7cAToMrPp2BLoWUnqvnku7yAUw,0:288a70343eda256c1df0704f764171d2d4978e349614f7653b90bd53b36d81dd
549,EQAnUF-_HlK-SwQVAhHWbHoK3-MzfvZdmEIByhYCMPmrNgMa,0:bb4ab5ac6254a1ed2d15d6a8e409a59bc6bc286b5b9eecd93f2ec80705253cc6
550,EQCOW3lJHo9FSwPs8rwMe-kn_4RMrP77w5QojqYth2gig2Id,0:4da46c2da241e0ec6f6ba3f90f5527904d8d8324e7d8acb1312deb57d9be4834
551,EQDfRPanX51wBaoYnN7FUcsPzSycdXflvYRjjs_dM1nfZ5sm,0:449a31f14bba182ee784442572f8aaf6cefd1c0610c0214d815f415d6b65bedb
552,EQAVBEqsQM6l05aKVoD7HSgCy0d5NDy9ssXG4uIMeyc-u14L,0:b51a2b59a3bf26c999520dbcebe9e982efaffdf254f0d200f76dab36b71ddfe8
553,EQClKyTeX465AqK9QzfkJJLdkF4hYs52GHvzjQI0n_IrZG0T,0:ca608275f628087e59dd1e2205c4004444f8eeff52052a8b3352ad9f3da9ce16
554,EQDOWc4DWKrpivjLULJh0purohenTbrNGsVaowMYEAZIlcAk,0:58133e9703013f5ac79e407777aebf63bc8197f900f9a910c33e36f4c0244d92
555,EQCeRp0NRHyfJGSzMh3NMZ8FP5EY0fIQ0GHpAvBwnoGCEx2m,0:864e9537f531959084da8cfe20ae8f4bcd92067d3a30bdc545561e1a86ac9f35
556,EQDWvb3HresH0IuJSwVWjNiZSA8iripXxb0H5cVL_wsIoKHQ,0:c41395ccb620c498fdd62b5660962f87994cd26cf60aed7c841061e193d2e3e1
557,EQC_6Vo075Alvox6kZ0k-euicLGUvHae2fokWrA7xSxaALwz,0:f90cb820a3e153846bfc7299f593c1901ba8c789d25dd9e8088f80cb9a0cefeb
558,EQA3rnHA7CuSROsB0T15hNEggRas7e1bXusj4ZTfXHhYUr9u,0:b66bbbc4fe597969fb6a32065ba5dfe4772fee37c739261c9fd09f949076707d
559,EQB2FtII6zI5kfSpYgeBqe_VNKnM1L67110akc9dbybeiobd,0:8f8380a46cc0c8d60345dc9a16e88f8feb2a45e2136f3ff1970e9bb6333a97e1
560,EQCOtaoZBcItMLXymCKSeD42VZ7cLbU6N92vn5iEvlKErkf7,0:18d4095313457a1b89e6966e2db05b52fda54f0a9cb25c2380b009cbe370a277
561,EQCwPVr37dck8Dej47jZ3y0R6D_orYMr92alfShw-9MXYqfy,0:8ebb274965334d81b8bf48570404a4b6c0bd5cf5622280532b8d5bc9aa6b7c18
562,EQD0cfbsPfD9xINO6r5aPdjINcG1ICVmQKNfMqDksHi9s1Vo,0:27ad4b8acc3449c09f810e204c0763cb17ff0a253f02026770f601ed25f4c74d
563,EQBvnJdY6giZ3bWQXeRLIIPcy5rzkw73Gz9d4ZWDn2V5Dxr_,0:d306dae2b858e328b4dfc55f44665a137dda99d70e46f84efcec074a3b55be0e
564,EQDNufh76coQ9EgIkW63WwGk4vpLfiQviCEPPWoQa52YgTPu,0:0b813d3966de2f11d04f8e15a7764fc407d1a10d11d287a2ff1ee5afe25aee73
565,EQAuRC7L6xzk-YTC3DgDsXQBZpDucnoYmD_7kHgWM4izHFCB,0:92a1a39dd77910180544d5dd5be30810d47a5e38fac406525492cad63d888c97
566,EQAHNb2Lp-7AevWIBysBWatGNroqvZwAZZ93qUbXAbceVWoj,0:21cd49d0ca6bd1285c61bc5a8e2afa394121bcc203478675f67523e383cfa6fd
567,EQAbwbPtYbfX-xrjeXPm5PJWG_eRq0ZVkVtHYe7FrgX94TwH,0:3fb06ffd13c283532575d5044a999a175122d0940a696c330f6aca5861ae7fe2
568,EQBmJellCAYJQu2LS4za38eOdSF0lL8eUwDZR-hw-nbNoBad,0:74d29a7fb282c103c69a6815c7283326882864df596034d87818aa4050b2671d
569,EQAUqmuFG0oB9GhT8dZqbChN3Nq6MS65qPIOn_sV_0PtE4yF,0:429bdad1dc6f967b9edb3c27c04b50bbb12ff8276acba0e26b9013b45b01753e
570,EQA9H7vFYR29F9EobuRJlJuFVO46_9N_OqBOTykLjUFAX_AT,0:f9d8a67739fd38f97bb13d960d90c01a7fafb82e547829543afda8b7c0beb019
571,EQC72Sp1iKhR2H-Rhn3PAvlg5wVbBEe7aUAV2LI60L4-NVe9,0:6fd27096b4690264db486d359085ccc8c6e59fcb31e0f16787f7b340901f2a29
572,EQA4fBrRQ23FmDMyCkP3Zr_zM9BDpiLBzgHC9qDw-gVJsfv1,0:6e9092d50e167b95d85dce648f06007cd33d3894b0b2f6864f459f561317d75f
573,EQApptPXCbBF0OayK31IW0bPkkbU6nDc5CgPXNAP4EzsfRkD,0:fe13abd76946aefb2590d4be1b3be929c655aa8280e6739052dd076e789a99b9
574,EQD9L6Ajh_-3Za9UsQVRFcijj28Xkj3Rpdt8LafTAzygMl-O,0:44096e25b6db5d1293569c9540973c9d9e0701fcc11f99c6672aab5534eccd6b
575,EQD1gKhTgaealUQLL7SF6oSFXttLDLePp-IffdlV-hVAlVXl,0:11541b75408a7e98ca8b7e3658f0a711d188319b093a58bbadb3971db1fc3ecf
576,EQAbq_PdyUNq6ewO2xYRR17ShGoVwxfh7ArI_wJSFJ8WTchB,0:25d3e0db77696e2c403aac45050fc931a4d14b4b02a02704f0d7f1291b20aa27
577,EQD2QwAXLHayRJVrfc0VAgLqPsO93J-PfYrVKDqgdQ6_jlsn,0:9a264f374467f1d1a314aff21139457a65e764515b29f9fc90ebb8b54953e12d
578,EQCy4lmeeA_OBtH9GWdGI57kCF2VzitwFvKmLseyUVnyt9nn,0:3b14e70caa82913d344327d2e6895969c7453297fa7e9f9a16950549489aa908
579,EQDYZ75961ci5yAEk_CjMA0UDmEr5LYVGyezdO56KBxsvLLW,0:faee4a6fb6ba69c9c6de5ffac88a4fffc7b2398646c87ccb8538d9f4bed2c376
580,EQD-avP7UHDHw5CQXzDY8gJAE77YUtp4tv5iGK2enoU1iFYC,0:faee4a6fb6ba69c9c6de5ffac88a4fffc7b2398646c87ccb8538d9f4bed2c376
581,EQAmXOLjqY_8KxnpUoIvG2mTn_b6gZ-M6XMz84CUAlsQK_IX,0:df4d78fb104cf22353277e22ba7f1539886e9d01f3e825f1d2f4f107eb825ecf
582,EQCRXuQXedJ4zlC1OVjXoEmqURJNFzcl7BqjFpKpoFNJhxdS,0:3fc083a0509fef821c7ef920fbb20f954cfbf5d0c2e14253a0488bff13badb6f
583,EQCowHl2DhdMAzSzdFxE-OvaC977tyafewgxy5SAH28UQTE0,0:1afc7b9b6b86ba888520b83f7ae7d6fc6021d6fc2dbe16e2a3293aacca03f234
584,EQDKCXU92FyCcD4bBGLZqylo3LcI2lZhuThVdRMhzKk6rFEp,0:dbc9753c9fac45a1cf765fdcfa38f5d6b5c0f6a8af6917ba5ece58385a2f0b36
585,EQByHpa-RRG_ym2pl9BRyfqfLbHJVaqaaNd5DaW0Bq79jNHd,0:d781d128c49d2d25fdfc72304a8fa4529af64ea63d4b41554930e6b35ac29196
586,EQA0uyc6Wiu7eVc70DOwm2gIi8-TZZDHK9iX_ZpSk-BMR24S,0:6174e4d86f552279db5de65fa15615c51a3fcd2262e5def1efe9385c5a86b8a8
587,EQDIQl8sOHK0eBOcHytK35usujajJwSZKZBni--V0nd36VIN,0:e022094d465a04582eaa70ae29cae4826337982c4eb893f355ffe14228969919
588,EQB9qbLHfyi3e8w06t0FBDP788tzSMzNri1LPN5oIsve7LPn,0:df4d78fb104cf22353277e22ba7f1539886e9d01f3e825f1d2f4f107eb825ecf
589,EQCmW_3Xq4cs3DDK7nBwSuI2oTRhs6V3790T-JQEXvC8enIi,0:1afc7b9b6b86ba888520b83f7ae7d6fc6021d6fc2dbe16e2a3293aacca03f234
590,EQC_5g5PihhstbRp_uvcXQUozY9195WoZXN8sxf--IbsuoRl,0:cc621c38d599d4d4799eb755d3c0dca1657fd4e8da42d61408abaaf75bc81120
591,EQBoED5vhNSRPCKWpK4b-mSYVTs1JSPSnIlYDp-N2dhcNKBf,0:8ffdc15a174b559de252f6487cd813db787ed1dc322002284bee6790d431fbd6
592,EQBAeN9AICdzFMbTHnDUEX3PRM07JtquhRKHeZMYDrxSYO43,0:b1f715f0119daa142513c72baf2de5de115eaf653e4355a05781f9706b892d7b
593,EQD4Zc1lpfngFGDdv3vWFbyPEMU7qAVQVogWym8sPMGoGdZP,0:b28e30c543960652ea8333c8cac4a5f15c540d3f6c187578dbd431388a45bdef
594,EQD5V1ohRoo-skiO7loTR7PTrudnS8nlSs4BYtHwZbe-JmAQ,0:f90cb820a3e153846bfc7299f593c1901ba8c789d25dd9e8088f80cb9a0cefeb
595,EQAptq2OcEJCpbuWEm6hSSVQS7F1gTkCEjoCkrmIAC4Sn1ID,0:b20f17c96575e1dfc3c9595590b8506fe97ac0048719d2b5bc722724d28143e7
596,EQCsBUxMjfi0P7vO-5t_ZzqzKBoNHlBI0KTYy7F2mM1e2buA,0:f90cb820a3e153846bfc7299f593c1901ba8c789d25dd9e8088f80cb9a0cefeb
597,EQBUiPPBay4dPHrlL9p4Nub0Eh2-e8z9TWyV7Ac9l2XjWQJs,0:e15d92323605de3c567993faf5e9069c5f40f2210ecf68d6a60fca0d5c248f8f
598,EQDmmwxR6f3pIgOcq6AxcpkkpyBi1S_URiHyJOZyzUGLip6z,0:ae9362709533c31ffbe2f5c3624b8db7716ef5b98a26b33cf2e22a942eaca65c
599,EQBdqDvBFAVavl8SE6jfilt6Bpdbc11irDpBKIDzk-KNZem6,0:42888797d15a7246fe5f9cb321c4168d81417cc1a1f13806944657fa4caaab57
600,EQABCpX8zDt4zV0L8cgpc9l3EJh8GRgL7dm0VgPLwyN0AfcR,0:2dfd5e74cd9cd05bb86316da9a8f6d193e737b7e9e05e57fdc2905b192dfc330
601,EQD5yZIhDo2KgM5OdvytiJcoHBdCou6QjYeFBYL9O11vWVRt,0:1b7efeda2e32bef4c5b25a6949e1196dd9cbf1a86339cccb2a8ae6a2098bd34a
602,EQCsj5tnW909xnb0DDJ6Qfui4zfycBuzW6lyPSrM-bP7Wyyd,0:d306dae2b858e328b4dfc55f44665a137dda99d70e46f84efcec074a3b55be0e
603,EQCM-Mjaki8vCD7qu1baWy3uvLZWgJms7q-inCh0OUD-ynxi,0:122974f84c8ce2fe70de6decd765579f17495a13bdaceffed2aee808dac933a0
604,EQA8jk9gan4lEVcSs0xKaFZKACauTo5xdOdYCmjr5HouNjz9,0:1ae3f7662bf185bbb8321b0a6f731e73793bc40addac2c8b3cb53bc1c15eb1a3
605,EQDrcVGZ5zbjp_sy6-FCNKjKOnd1vw92yYyYf7W09PY_vzKF,0:03a3e401f74cee93a7ad6c2460e5f2747b5c197821b96ab2b98ed5ab2b88fc5f
606,EQAHhLmq_HimvEQrhZ_hR-pJc7FJm1EhdqqTWUhBSDIc-OSx,0:0bcab590342c51dd115c6a97b964cc429431e9c92ac43bdde542268cf595949c
607,EQAC5SopA_h_SK8koz0YqGhEnfAKQCTqhTVdxo1LNXYUwjGn,0:4c6b80aa3bcb4add20124c101a36076f5faa000777d34f252f6fdbb3c2a774d9
608,EQBWaEhkEoLcay1xJQr6PXZ_iwp430oXFG14ulTzU8Ydqdl-,0:1afc7b9b6b86ba888520b83f7ae7d6fc6021d6fc2dbe16e2a3293aacca03f234
609,EQDoHeqmie2LEK4difk74emsxpOvUUgBliwRIHa5w_ZEMV6z,0:c94f297550b10fabe79e48dde281874bf5ba7ab87312087671202b08c842a44d
610,EQB5pyMGnL3TyzybQgxJf0sv-422GVbzj1KFVpvaJWgN7MNF,0:a41e3537ba31b45fa627f45dd6a8cc561e1f1542c6d0b9933bbaee3b13e7def4
611,EQClFIV6JlGuoeYWCtEwB8JFVnpjX2v4_uk6eyjhO1pPL0Kn,0:be28847a3a2a90d48679631a588d57d0660175be6a898e1ffb32a828b795c00b
612,EQB7zY5rbJBJznYlu5DFVqd8j8npDEAUSuvY8Eap01I-f7ur,0:1b606762727f678148398055b34271639bdc4ee5da8bbb956c28e029ef541508
613,EQC4rnIWn-uUFKLyo0jJdUWpnktYJkLpexNh2z1N1YTF17Db,0:0000000000000000000000000000000000000000000000000000000000000000
614,EQCo2zWCHgEC1r0H4HTJm2fWDckSh73hLyCaHHcUkw8Y8dPQ,0:c663ae51830f9c76d350c40f31420e45f4eb1902b680227e7857cc89e907c26a
615,EQDymvLEgObhAcFyFLfwaI7xIlYUkWyJ9PrU2iNHEEOR4l13,0:786b573353de101c3c2c232d684a6886ab9a26f6dddd9099e4fe7b2342de46af
616,EQAkA3_QzTz0gkSvzAvfZlvXaKDLiT-WdGRBV3oKk98EjQnH,0:5801a524fccc00e9bbb8d176dce2e5aff972a58f25df8149bc365752b58209fc
617,EQCec6LfZmIKPFuMo6kzqRedoUUM9OAprLoasEaYr0kVgGus,0:6536e8635cbd2daa968584c51cb9690f1bbc482523aabd1658d50cbc594de5a1
618,EQDuvTtaV5ia9WOBUFasF52ASvr1r7sAtQAB-8daV-CrzstU,0:615c0d466777052a8af07d0d9dc02df6b339a42eae418960bcd61ae272fd547a
619,EQAAXh4IfPgeLsrQEVSF7gEDpDRtQ6I5pypgjaqmGpdR9zov,0:a54ff787906fe8275ed51a5dd1b128b8f63dc04619d72e2f9be91a8a88fa0eab
620,EQCM7Plmiqp7IjYTl0QjeAssiB12PBmpSxHLnTqRx9-W3KGP,0:131d22dc56532c61c7959ebd1d4950bffd728d09854d697381fc74aa91673d46
621,EQCRTbitdwNcbCV5RaCpqnSXvS2BsWFF3LJW0eCSskd-gM4s,0:4c8726e51b6e3e67576935d92896f1882f21c3d1d99642d77f45c4395906a9b9
622,EQAdvG9BzjMQPXRCeE0rOuxD9rMMFC6nP0gxU-REl6ILxehI,0:105b791072600a4ca3747f31c41fae7802a1f296cd0fb1771a86e0b88919cc26
623,EQA310L0BmfLcdGjjGakGpoQNRbl9kDoUqgMhoSrjY-HAqoa,0:b5d12c97945792bbd4bd9a977f8d0bd56d0ac17053b6349a9311379bcd76b9f1
624,EQAdAUmjmyXKmOF-_hMQUOU_gSbF_7yR2U0gIOTPmKksbbnm,0:5c511bc7fca1c957a45a46d62239dafe2de9c7b34e0b998fac98bfea70909765
625,EQBctNLXhy0ZN0jTONWmRVjK6Rcea_LyszTeoGZhzG2yVXpH,0:c160ab7c5433d49e98339a14ae734b468785bba9c53070b4d922ea6093f9949e
626,EQB0k6pSphN_rfwKtMGWPvi2XTwdayb42d0ZT2wDg8sqvV_r,0:fb44f30a8140531b9732e2fdb510d46a12b7f9033425589e8fb8a01be430a02a
627,EQC1PiEBsnJGJlGj3jBKh_xnoe_MC2jjDBc4FwuYt2rW0ucQ,0:5577950d00f869b8c4a3ade0ccc77559caecef8fdfebbe00203a505593c07c1b
628,EQCJfx2fO7mBGJO_IewQIN-hINVVXytG7_PpwoV9DPkva6wl,0:60adc3523ac7cb59e012eab15a77fe64b0f2dd4735b70c3946a1dee23b443c1c
629,EQAGs87Niv81GTByb8cvX30qigsD8fqVs5DGYm3cOPvZF6Ef,0:d0a8aeceb763744160c61ae969f874a3d949d5390f4cc9100aadc4404a9e5f2a
630,EQAaHR0OJ7pl01IdrUmvnZ7gKZm6wLz8LX6UCoAUFPAXYVhM,0:df4d78fb104cf22353277e22ba7f1539886e9d01f3e825f1d2f4f107eb825ecf
631,EQAeFgFsy0CcvohG2cxleS6vbulqumGRpWIC5A1OKqU9H0jn,0:7638d9c98de8fda88d8851d25a02e24247ceec8f803afcbbf1c30d6173f5c3bf
632,EQDXwbUy9P6mHsdU9ecwiEQzHYruyjcQquaY9x2O-pn9l_kN,0:df4740cc51ce966ba0fd3ec59683dbaf708bdd77a63a593d0b008d7dc6357cfc
633,EQBOERvuegh0RPudfJ9TG4dGIf4K0k16Zb8MJhtQc7Fmrjm9,0:25d3e0db77696e2c403aac45050fc931a4d14b4b02a02704f0d7f1291b20aa27
634,EQAor4aoGvm3ypn8kneOAOPJBFzA_BfRiWy2ofrASqQQ7q4O,0:aaffa6e2fcd2c4cda12977dfe956cc85db3ad407d2332ad0f1bbdec678cb85ec
635,EQAFdIyOUF1FePSmJEm1aCV4yHmUuJPuU9hqZ04mAMPJlRth,0:77ade166f5b68e169cf3c80f5575d8cc069276eff70cd01b8281c2e0ee07c17e
636,EQArRX_adZYIkKDFD6T8pvDfjYAwqTrQhJe1XcrqX5UAX1Bb,0:a335d9fcfe8361d288ae742c0443fc964f87d5bb6af96ed99e07c3a8a1af171a
637,EQAuWhIZM4iyWETYr48zoAjrZee_PtUYUbp3wf7RfZaW5Ekw,0:42b583d7b22bdaf7d3963076c259f802bce82c81953433faf14146d31c284dc1
638,EQClp6aQBPOtrXLm0GAYEAX0sO2Wc10JHzvm1Z8bm0jrI23Y,0:b3ef223415da021f4053d87a7b9bca544ec7ee1845a5ddeef4b4c766acda4eaa
639,EQDBm8ItVSFnMDERk5XtK4FsteKFOqEifnNcddlsbzp6bKS1,0:4da46c2da241e0ec6f6ba3f90f5527904d8d8324e7d8acb1312deb57d9be4834
640,EQCLpkpQpCt53WqZWevQklIUFWaSgTpEIdII5rXkbicYMCcn,0:5050773def569eeccf9170a8c333515b82504b7b56f55ed2d5684350346f3157
641,EQDAOTKSh-nVbcPK91_cWhqvajcdUTnGWxKTqTDGkiOLAEWv,0:4c0b89df5679cfb2a118b83b801d8fc652489f5e1f340d19fe9ac7bf3b71cb9b
642,EQD_Uepvnp6dk4drcP2UhVeK7pgchMYd-3UA8jvIMh4gab_X,0:cacc1d1f713205190b77898c8af54da0b9d4a54ef067a8ad7218e74b88d5ded7
643,EQBKnJaRXI6m-knyircGQDVDWmLMNEzCWnuDx1L1ZoewkL4s,0:76e55076c5a6bb06b80a3aec6c9f02ab5a9e5f40e2811dc1847cb56434bd187e
644,EQBxKLxCsSxIBMLtvZh43qqPw1oNqUQke_K-gTq-FuGa0VTF,0:b63eba248d21bc113bfecd49aaa057e3b037891574855b4422c07f71fb841fd1
645,EQAoE05HiCwIJo0B9yUAh3TcfZvMur70XhNkWua0ei8XOeaB,0:df4d78fb104cf22353277e22ba7f1539886e9d01f3e825f1d2f4f107eb825ecf
646,EQCghjRCVBw-rPwK1RpFRxfHtg0ZPLz8c7d67y8gxkbt98gx,0:be7eda4b7a30c5c1253462799d211f55da58ae33016c247f1eab32bdd1dffc56
647,EQAywsNtk4h73Ozdr9g_09xOrt81UbHSQboihxAPXkRb4W4c,0:bb4ab5ac6254a1ed2d15d6a8e409a59bc6bc286b5b9eecd93f2ec80705253cc6
648,EQDRYPHwjo4zeTRbfZ14UvY8D52nytP-a-S30DGj48ucVdsH,0:7978f49954f2d24fbf940c8f1617b39d651cf1448f8c7fcc50155bf16769f90b
649,EQCKEhL0S5x_y8QMHq4ukgxF2eH9MmkWp9spPdWVcQ6lbw-b,0:b8c2e353cc37907fdecb9aaaf25f8d9e75d7f9f611ccbb82ebb22cdcb1ee0ac1
650,EQD5A9rkTrmlueS8P3vOZ8pr8cjV25U6rDCFBTytLANJcA29,0:bd9a84a4b0387b74cc7af1cf401b0aa337ab5712754ff71fe87314351b80518c
651,EQBIJ_qbt2qwU_H8BzuLlctAxxuBNFNl5XHPsNbPxD3ahLWm,0:541e161caa3846249765be4c426db8ed476e3103d97ed0f6a8420671147d4237
652,EQA1glVPEJOoaPpe5bU1v3QsWY_tS0Sy4oS_pS38BJwvY3EZ,0:d68b021c61fa99760a9373e6085dbcb7373471decd121db23a1cf7743e81025d
653,EQArBnf7k-bS8lCYD1keZqH7h2hRpQDCfx8m8-BNCIGOTNOE,0:d68b021c61fa99760a9373e6085dbcb7373471decd121db23a1cf7743e81025d
654,EQAHKaKP4rX1cMzB4sVMzTL5JvnxguxOnokmbz1W9pMj7_kx,0:76e55076c5a6bb06b80a3aec6c9f02ab5a9e5f40e2811dc1847cb56434bd187e
655,EQAn5rHWT7qWl9X3Dscn7SmDW1S-aahbowYH3epSJosmHd5B,0:76e55076c5a6bb06b80a3aec6c9f02ab5a9e5f40e2811dc1847cb56434bd187e
656,EQAVXUJPGGByqse5QcXAfkl3Avxv39vlyJ0bsR7vYdglUkgV,0:89a3480667ce3a59f08d4b9b5d2e589bc7cade3759625e584b25634d534f4d93
657,EQB4Lt-A4wMNNFVLdolieROaNS6PgFP-WQ1xVumm9LqrUdzY,0:57055c9ca79030c48973f17d370f2ce8625349bf50c595327333c14df12b5204
658,EQCIbN6WFR7xhMi9jdzu31X0mbH8CUG1BKcs1ux4uPp335GT,0:d3cface75770c1cede3c5ed178a4e008ceaae545709d8e9dbf92a15f902b02e5
659,EQAdwdbweS4iCLiQ92u9ONU9ZehkdXoBNqij0kuzZMe1s2R9,0:978955c8e92e49ff84fd4c4aa415db9d934cb4477e0bce934e4c2d38993ec7c7
660,EQAjLdbtKh4udckrJ4U8PLoV--3dXN1LUl97zJD7EDGhjDe6,0:fb44f30a8140531b9732e2fdb510d46a12b7f9033425589e8fb8a01be430a02a
661,EQB7NI-9Nzqy9gfBBD6sVcc3-JdYWnxbWx--da_s6y3yRBgf,0:108f9e9c9b254359bbaf6ca45f86880250052d017577482738617357686052ef
662,EQBQwtbnmHuvskHh-IeYJpRmhlueqBSEc7o_pT29xr0d3bTP,0:44096e25b6db5d1293569c9540973c9d9e0701fcc11f99c6672aab5534eccd6b
663,EQAxupFhQWTJaK6jMxQ-pTW0LCyqCAJlL_l-VomZm5TP97bJ,0:fe13abd76946aefb2590d4be1b3be929c655aa8280e6739052dd076e789a99b9
664,EQB5rYsWDsNkJf3BH25m4-0KA2_hMRheJEU3npP66bZzB20E,0:33d5dc6bdb27676d25de9bfb54b485c06688ac55c8d92ca24a6ef3830d621a1d
665,EQDlqcS1RJVPqy_nyw-iSjRC3cZOWdPKAYJl2X6FzwirXkbn,0:af55e8ef5254486f2db1e39423c5ed9ffe88538bb442bb48538e170070e626de
